c,i0,p2h,gate,unt,arr_d,flujo04,untreated,treated,adult,child,mape_t5,mape_f8,max_err
2.400,2800,0.0070,0.013003,0.019185,123.82,2555.7,53.0,17.0,33.0,2.0,3.848,45.897,45.897
2.400,2800,0.0080,0.011787,0.017369,136.55,2867.6,52.0,16.0,33.0,2.0,1.791,39.238,39.238
2.400,2800,0.0085,0.011277,0.016609,142.77,3019.0,50.0,18.0,34.0,2.0,5.768,36.001,36.001
2.400,2800,0.0090,0.010819,0.015927,148.82,3167.4,52.0,17.0,32.0,2.0,4.114,32.824,32.824
2.400,2800,0.0095,0.010408,0.015317,154.73,3312.8,52.0,16.0,33.0,2.0,1.791,29.708,29.708
2.400,2800,0.0100,0.010031,0.014756,160.50,3455.4,52.0,17.0,32.0,2.0,4.114,26.650,26.650
2.400,2800,0.0110,0.009378,0.013786,171.68,3731.9,51.0,18.0,32.0,2.0,5.764,20.708,20.708
2.400,2800,0.0120,0.008826,0.012968,182.41,3997.2,51.0,17.0,32.0,2.0,4.192,14.992,14.992
2.400,2800,0.0130,0.008362,0.012279,192.55,4251.8,52.0,17.0,33.0,2.0,3.364,10.073,10.073
2.400,2800,0.0140,0.007956,0.011679,202.36,4495.9,50.0,18.0,34.0,2.0,5.768,9.062,9.062
2.400,2800,0.0150,0.007606,0.011161,211.68,4729.8,53.0,18.0,32.0,2.0,6.171,8.646,8.646
2.400,3000,0.0070,0.012363,0.018229,130.23,2712.8,52.0,18.0,34.0,2.0,5.206,42.697,42.697
2.400,3000,0.0080,0.011195,0.016487,143.82,3044.4,53.0,18.0,33.0,2.0,5.421,35.636,35.636
2.400,3000,0.0085,0.010707,0.015761,150.36,3205.3,52.0,17.0,32.0,2.0,4.114,32.203,32.203
2.400,3000,0.0090,0.010267,0.015106,156.82,3363.1,52.0,17.0,33.0,2.0,3.364,28.834,28.834
2.400,3000,0.0095,0.009877,0.014527,163.05,3517.8,50.0,17.0,33.0,2.0,3.926,25.527,25.527
2.400,3000,0.0100,0.009514,0.013987,169.23,3669.4,51.0,18.0,33.0,2.0,5.014,22.283,22.283
2.400,3000,0.0110,0.008893,0.013066,181.09,3963.5,52.0,17.0,32.0,2.0,4.114,15.977,15.977
2.400,3000,0.0120,0.008366,0.012285,192.45,4245.9,52.0,18.0,33.0,2.0,4.936,9.908,9.908
2.400,3000,0.0130,0.007919,0.011623,203.32,4516.9,50.0,18.0,34.0,2.0,5.768,8.836,8.836
2.400,3000,0.0140,0.007533,0.011053,213.73,4776.8,52.0,18.0,32.0,2.0,5.686,8.469,8.469
2.400,3000,0.0150,0.007198,0.010558,223.64,5026.0,52.0,18.0,33.0,2.0,4.936,10.044,10.044
2.400,3200,0.0070,0.011791,0.017375,136.55,2867.2,53.0,17.0,33.0,2.0,3.848,39.557,39.557
2.400,3200,0.0080,0.010665,0.015699,150.91,3218.1,52.0,17.0,33.0,2.0,3.364,32.101,32.101
2.400,3200,0.0085,0.010202,0.015009,157.82,3388.4,53.0,16.0,33.0,2.0,2.276,28.475,28.475
2.400,3200,0.0090,0.009782,0.014385,164.59,3555.5,51.0,18.0,34.0,2.0,5.284,24.916,24.916
2.400,3200,0.0095,0.009400,0.013819,171.27,3719.2,50.0,17.0,33.0,2.0,3.926,21.423,21.423
2.400,3200,0.0100,0.009057,0.013309,177.77,3879.7,53.0,17.0,31.0,2.0,5.349,17.995,17.995
2.400,3200,0.0110,0.008460,0.012424,190.32,4191.3,52.0,17.0,32.0,2.0,4.114,11.330,11.330
2.400,3200,0.0120,0.007954,0.011676,202.36,4490.5,49.0,19.0,35.0,2.0,8.576,8.742,8.742
2.400,3200,0.0130,0.007527,0.011044,213.91,4777.7,50.0,19.0,34.0,2.0,7.341,8.077,8.077
2.400,3200,0.0140,0.007160,0.010502,224.91,5053.3,52.0,17.0,33.0,2.0,3.364,9.740,9.740
2.400,3200,0.0150,0.006839,0.010028,235.41,5317.6,50.0,17.0,34.0,2.0,4.196,12.904,12.904
2.400,3400,0.0070,0.011284,0.016620,142.68,3019.0,51.0,17.0,33.0,2.0,3.441,36.474,36.474
2.400,3400,0.0080,0.010205,0.015013,157.77,3388.8,54.0,16.0,32.0,2.0,3.511,28.629,28.629
2.400,3400,0.0085,0.009750,0.014337,165.14,3568.4,52.0,17.0,31.0,2.0,4.864,24.814,24.814
2.400,3400,0.0090,0.009346,0.013738,172.27,3744.6,50.0,17.0,33.0,2.0,3.926,21.068,21.068
2.400,3400,0.0095,0.008978,0.013193,179.32,3917.3,52.0,16.0,32.0,2.0,2.542,17.391,17.391
2.400,3400,0.0100,0.008650,0.012706,186.14,4086.6,53.0,17.0,31.0,2.0,5.349,13.783,13.783
2.400,3400,0.0110,0.008074,0.011853,199.36,4415.3,51.0,18.0,33.0,2.0,5.014,8.787,8.787
2.400,3400,0.0120,0.007589,0.011137,212.14,4731.1,51.0,18.0,33.0,2.0,5.014,8.038,8.038
2.400,3400,0.0130,0.007180,0.010532,224.27,5034.4,52.0,17.0,32.0,1.0,16.019,9.183,16.019
2.400,3400,0.0140,0.006827,0.010011,235.82,5325.4,51.0,17.0,33.0,2.0,3.441,12.753,12.753
2.400,3400,0.0150,0.006521,0.009558,246.95,5604.6,52.0,18.0,32.0,2.0,5.686,18.770,18.770
2.400,3600,0.0070,0.010822,0.015932,148.77,3168.1,52.0,18.0,33.0,2.0,4.936,33.444,33.444
2.400,3600,0.0080,0.009782,0.014385,164.59,3556.7,51.0,17.0,33.0,2.0,3.441,25.217,25.217
2.400,3600,0.0085,0.009346,0.013738,172.32,3745.4,51.0,16.0,33.0,2.0,1.869,21.215,21.215
2.400,3600,0.0090,0.008956,0.013160,179.77,3930.5,51.0,17.0,32.0,2.0,4.192,17.286,17.286
2.400,3600,0.0095,0.008601,0.012634,187.18,4112.1,50.0,16.0,32.0,2.0,3.104,13.428,13.428
2.400,3600,0.0100,0.008282,0.012161,194.41,4290.1,51.0,17.0,34.0,2.0,3.711,10.467,10.467
2.400,3600,0.0110,0.007729,0.011342,208.32,4635.8,53.0,18.0,32.0,2.0,6.171,8.141,8.141
2.400,3600,0.0120,0.007263,0.010654,221.68,4967.9,54.0,18.0,33.0,2.0,5.905,8.376,8.376
2.400,3600,0.0130,0.006868,0.010071,234.36,5286.9,52.0,18.0,32.0,2.0,5.686,11.646,11.646
2.400,3600,0.0140,0.006527,0.009567,246.68,5593.2,53.0,19.0,33.0,2.0,6.993,18.219,18.219
2.400,3600,0.0150,0.006234,0.009135,258.32,5887.1,50.0,18.0,33.0,2.0,5.498,24.541,24.541
2.400,3800,0.0070,0.010405,0.015312,154.73,3314.7,54.0,16.0,32.0,2.0,3.511,30.465,30.465
2.400,3800,0.0080,0.009398,0.013815,171.32,3721.7,51.0,17.0,32.0,2.0,4.192,21.862,21.862
2.400,3800,0.0085,0.008976,0.013190,179.32,3919.5,52.0,17.0,33.0,2.0,3.364,17.677,17.677
2.400,3800,0.0090,0.008599,0.012631,187.23,4113.5,53.0,17.0,31.0,2.0,5.349,13.566,13.566
2.400,3800,0.0095,0.008260,0.012129,194.91,4303.7,53.0,17.0,32.0,2.0,4.599,10.737,10.737
2.400,3800,0.0100,0.007951,0.011671,202.50,4490.3,50.0,18.0,35.0,2.0,6.519,8.574,8.574
2.400,3800,0.0110,0.007416,0.010881,217.09,4852.6,52.0,18.0,33.0,2.0,4.936,7.505,7.505
2.400,3800,0.0120,0.006968,0.010219,231.00,5201.0,51.0,19.0,34.0,2.0,6.856,9.564,9.564
2.400,3800,0.0130,0.006586,0.009655,244.41,5535.6,49.0,18.0,34.0,2.0,6.253,16.714,16.714
2.400,3800,0.0140,0.006260,0.009174,257.23,5857.0,51.0,18.0,33.0,2.0,5.014,23.597,23.597
2.400,3800,0.0150,0.005974,0.008752,269.50,6165.4,51.0,16.0,32.0,2.0,2.619,30.220,30.220
2.400,4000,0.0070,0.010028,0.014752,160.55,3459.0,51.0,17.0,33.0,2.0,3.441,27.534,27.534
2.400,4000,0.0080,0.009050,0.013299,177.91,3884.1,51.0,18.0,33.0,2.0,5.014,18.562,18.562
2.400,4000,0.0085,0.008643,0.012696,186.23,4090.7,52.0,16.0,32.0,2.0,2.542,14.195,14.195
2.400,4000,0.0090,0.008278,0.012155,194.45,4293.4,52.0,17.0,32.0,2.0,4.114,11.266,11.266
2.400,4000,0.0095,0.007949,0.011668,202.55,4492.3,51.0,17.0,34.0,2.0,3.711,8.980,8.980
2.400,4000,0.0100,0.007652,0.011229,210.41,4687.3,52.0,19.0,33.0,2.0,6.508,7.814,7.814
2.400,4000,0.0110,0.007134,0.010463,225.68,5066.1,52.0,18.0,34.0,2.0,5.206,8.226,8.226
2.400,4000,0.0120,0.006699,0.009822,240.32,5430.4,50.0,18.0,34.0,2.0,5.768,14.235,14.235
2.400,4000,0.0130,0.006332,0.009279,254.27,5780.4,50.0,17.0,34.0,2.0,4.196,21.702,21.702
2.400,4000,0.0140,0.006016,0.008813,267.64,6116.7,52.0,18.0,33.0,2.0,4.936,28.892,28.892
2.400,4000,0.0150,0.005741,0.008408,280.45,6439.5,51.0,17.0,33.0,2.0,3.441,35.812,35.812
2.400,4200,0.0070,0.009683,0.014238,166.27,3600.9,52.0,17.0,32.0,2.0,4.114,24.650,24.650
2.400,4200,0.0080,0.008735,0.012832,184.32,4043.9,53.0,17.0,31.0,2.0,5.349,15.313,15.313
2.400,4200,0.0085,0.008338,0.012244,193.05,4259.3,52.0,18.0,33.0,2.0,4.936,12.049,12.049
2.400,4200,0.0090,0.007986,0.011724,201.59,4470.5,52.0,18.0,33.0,2.0,4.936,9.641,9.641
2.400,4200,0.0095,0.007667,0.011251,210.00,4677.8,52.0,18.0,33.0,2.0,4.936,7.756,7.756
2.400,4200,0.0100,0.007378,0.010823,218.23,4881.2,51.0,18.0,34.0,2.0,5.284,7.247,7.247
2.400,4200,0.0110,0.006876,0.010083,234.14,5276.3,52.0,18.0,34.0,2.0,5.206,10.762,10.762
2.400,4200,0.0120,0.006456,0.009463,249.32,5656.3,52.0,18.0,32.0,2.0,5.686,18.836,18.836
2.400,4200,0.0130,0.006101,0.008938,263.91,6021.5,52.0,18.0,33.0,2.0,4.936,26.615,26.615
2.400,4200,0.0140,0.005793,0.008486,277.91,6372.5,50.0,18.0,33.0,2.0,5.498,34.107,34.107
2.400,4200,0.0150,0.005528,0.008095,291.23,6709.6,51.0,17.0,34.0,2.0,3.711,41.320,41.320
2.400,4500,0.0070,0.009214,0.013543,174.73,3809.4,52.0,18.0,33.0,2.0,4.936,20.407,20.407
2.400,4500,0.0080,0.008311,0.012204,193.73,4278.9,52.0,17.0,33.0,2.0,3.364,12.386,12.386
2.400,4500,0.0085,0.007929,0.011639,203.05,4507.1,50.0,18.0,34.0,2.0,5.768,9.815,9.815
2.400,4500,0.0090,0.007589,0.011137,212.14,4731.0,51.0,18.0,33.0,2.0,5.014,7.519,7.519
2.400,4500,0.0095,0.007288,0.010691,220.91,4950.8,53.0,18.0,33.0,2.0,5.421,6.962,6.962
2.400,4500,0.0100,0.007010,0.010280,229.68,5166.4,51.0,19.0,34.0,2.0,6.856,8.450,8.450
2.400,4500,0.0110,0.006531,0.009574,246.55,5585.5,51.0,18.0,33.0,2.0,5.014,17.059,17.059
2.400,4500,0.0120,0.006129,0.008980,262.68,5988.7,52.0,17.0,33.0,2.0,3.364,25.609,25.609
2.400,4500,0.0130,0.005789,0.008480,278.14,6376.5,52.0,18.0,33.0,2.0,4.936,33.848,33.848
2.400,4500,0.0140,0.005496,0.008047,292.95,6749.2,52.0,17.0,33.0,2.0,3.364,41.787,41.787
2.400,4500,0.0150,0.005242,0.007674,307.14,7107.3,50.0,18.0,34.0,2.0,5.768,49.432,49.432
2.500,2800,0.0070,0.012222,0.018019,131.73,2733.2,53.0,16.0,32.0,2.0,3.026,42.510,42.510
2.500,2800,0.0080,0.011069,0.016299,145.50,3067.0,52.0,17.0,33.0,2.0,3.364,35.425,35.425
2.500,2800,0.0085,0.010583,0.015576,152.14,3229.1,52.0,17.0,33.0,2.0,3.364,31.980,31.980
2.500,2800,0.0090,0.010152,0.014935,158.59,3387.9,51.0,18.0,34.0,2.0,5.284,28.599,28.599
2.500,2800,0.0095,0.009760,0.014353,164.91,3543.6,53.0,16.0,31.0,2.0,3.777,25.281,25.281
2.500,2800,0.0100,0.009403,0.013823,171.23,3696.2,52.0,16.0,32.0,2.0,2.542,22.026,22.026
2.500,2800,0.0110,0.008785,0.012906,183.27,3992.2,52.0,16.0,32.0,2.0,2.542,15.698,15.698
2.500,2800,0.0120,0.008264,0.012135,194.82,4276.3,52.0,17.0,33.0,2.0,3.364,10.737,10.737
2.500,2800,0.0130,0.007824,0.011484,205.77,4548.9,52.0,18.0,32.0,2.0,5.686,8.475,8.475
2.500,2800,0.0140,0.007443,0.010920,216.32,4810.2,51.0,18.0,32.0,2.0,5.764,9.026,9.026
2.500,2800,0.0150,0.007112,0.010432,226.36,5060.7,50.0,19.0,35.0,2.0,8.091,10.638,10.638
2.500,3000,0.0070,0.011625,0.017127,138.50,2898.5,53.0,17.0,33.0,2.0,3.848,39.184,39.184
2.500,3000,0.0080,0.010517,0.015477,153.09,3253.0,52.0,16.0,32.0,2.0,2.542,31.680,31.680
2.500,3000,0.0085,0.010054,0.014790,160.14,3425.1,53.0,17.0,32.0,2.0,4.599,28.030,28.030
2.500,3000,0.0090,0.009641,0.014176,167.00,3593.9,52.0,17.0,32.0,2.0,4.114,24.448,24.448
2.500,3000,0.0095,0.009263,0.013615,173.82,3759.3,53.0,17.0,32.0,2.0,4.599,20.932,20.932
2.500,3000,0.0100,0.008924,0.013113,180.41,3921.4,52.0,16.0,31.0,2.0,3.292,17.482,17.482
2.500,3000,0.0110,0.008334,0.012238,193.18,4236.1,52.0,16.0,32.0,2.0,2.542,10.776,10.776
2.500,3000,0.0120,0.007836,0.011502,205.45,4538.2,51.0,18.0,34.0,2.0,5.284,8.312,8.312
2.500,3000,0.0130,0.007413,0.010876,217.18,4828.2,52.0,19.0,33.0,2.0,6.508,8.609,8.609
2.500,3000,0.0140,0.007052,0.010342,228.36,5106.3,51.0,18.0,34.0,2.0,5.284,10.361,10.361
2.500,3000,0.0150,0.006736,0.009876,239.00,5373.0,51.0,18.0,33.0,2.0,5.014,13.618,13.618
2.500,3200,0.0070,0.011093,0.016335,145.14,3060.6,54.0,17.0,32.0,2.0,5.083,35.924,35.924
2.500,3200,0.0080,0.010034,0.014760,160.45,3435.5,51.0,17.0,33.0,2.0,3.441,28.009,28.009
2.500,3200,0.0085,0.009583,0.014091,168.00,3617.5,53.0,16.0,31.0,2.0,3.777,24.159,24.159
2.500,3200,0.0090,0.009186,0.013501,175.27,3796.0,50.0,17.0,33.0,2.0,3.926,20.380,20.380
2.500,3200,0.0095,0.008826,0.012968,182.41,3971.0,51.0,16.0,33.0,2.0,1.869,16.670,16.670
2.500,3200,0.0100,0.008500,0.012484,189.41,4142.6,51.0,17.0,33.0,2.0,3.441,13.028,13.028
2.500,3200,0.0110,0.007933,0.011644,202.95,4475.6,50.0,17.0,34.0,2.0,4.196,8.304,8.304
2.500,3200,0.0120,0.007457,0.010941,215.91,4795.5,51.0,17.0,32.0,2.0,4.192,7.919,7.919
2.500,3200,0.0130,0.007053,0.010344,228.32,5102.5,51.0,19.0,34.0,2.0,6.856,9.812,9.812
2.500,3200,0.0140,0.006703,0.009827,240.18,5397.2,51.0,18.0,34.0,2.0,5.284,13.751,13.751
2.500,3200,0.0150,0.006404,0.009386,251.45,5679.8,50.0,18.0,34.0,2.0,5.768,19.824,19.824
2.500,3400,0.0070,0.010621,0.015632,151.59,3219.7,53.0,17.0,33.0,2.0,3.848,32.728,32.728
2.500,3400,0.0080,0.009594,0.014106,167.82,3614.5,53.0,16.0,31.0,2.0,3.777,24.409,24.409
2.500,3400,0.0085,0.009164,0.013469,175.68,3806.3,52.0,16.0,32.0,2.0,2.542,20.362,20.362
2.500,3400,0.0090,0.008780,0.012900,183.36,3994.3,53.0,16.0,32.0,1.0,14.931,16.389,16.389
2.500,3400,0.0095,0.008437,0.012391,190.82,4178.8,52.0,17.0,32.0,2.0,4.114,12.488,12.488
2.500,3400,0.0100,0.008120,0.011922,198.27,4359.6,51.0,18.0,33.0,2.0,5.014,8.658,8.658
2.500,3400,0.0110,0.007576,0.011117,212.50,4710.7,53.0,17.0,32.0,2.0,4.599,7.582,7.582
2.500,3400,0.0120,0.007118,0.010440,226.14,5048.1,51.0,18.0,34.0,2.0,5.284,8.998,8.998
2.500,3400,0.0130,0.006729,0.009865,239.27,5372.1,51.0,18.0,33.0,2.0,5.014,12.873,12.873
2.500,3400,0.0140,0.006396,0.009374,251.73,5683.0,51.0,17.0,33.0,2.0,3.441,19.521,19.521
2.500,3400,0.0150,0.006107,0.008948,263.59,5981.4,51.0,17.0,33.0,2.0,3.441,25.917,25.917
2.500,3600,0.0070,0.010193,0.014996,157.95,3375.8,51.0,16.0,33.0,2.0,1.869,29.591,29.591
2.500,3600,0.0080,0.009198,0.013518,175.00,3790.2,54.0,16.0,30.0,2.0,5.012,20.876,20.876
2.500,3600,0.0085,0.008787,0.012909,183.23,3991.6,52.0,16.0,32.0,2.0,2.542,16.636,16.636
2.500,3600,0.0090,0.008415,0.012359,191.32,4189.1,52.0,17.0,33.0,2.0,3.364,12.472,12.472
2.500,3600,0.0095,0.008083,0.011867,199.18,4382.8,52.0,17.0,32.0,2.0,4.114,8.806,8.806
2.500,3600,0.0100,0.007781,0.011420,206.91,4572.8,52.0,18.0,33.0,2.0,4.936,7.803,7.803
2.500,3600,0.0110,0.007257,0.010645,221.86,4941.7,51.0,17.0,33.0,2.0,3.441,7.926,7.926
2.500,3600,0.0120,0.006815,0.009993,236.18,5296.3,48.0,19.0,34.0,2.0,8.310,10.966,10.966
2.500,3600,0.0130,0.006442,0.009442,249.95,5636.9,51.0,17.0,33.0,2.0,3.441,18.213,18.213
2.500,3600,0.0140,0.006122,0.008970,263.05,5964.0,51.0,17.0,34.0,2.0,3.711,25.189,25.189
2.500,3600,0.0150,0.005842,0.008557,275.59,6277.9,51.0,16.0,33.0,2.0,1.869,31.902,31.902
2.500,3800,0.0070,0.009803,0.014418,164.23,3529.0,51.0,17.0,32.0,2.0,4.192,26.511,26.511
2.500,3800,0.0080,0.008846,0.012997,182.00,3962.8,51.0,16.0,33.0,2.0,1.869,17.407,17.407
2.500,3800,0.0085,0.008447,0.012406,190.59,4173.6,51.0,17.0,32.0,2.0,4.192,12.976,12.976
2.500,3800,0.0090,0.008089,0.011875,199.00,4380.4,52.0,17.0,33.0,2.0,3.364,9.306,9.306
2.500,3800,0.0095,0.007766,0.011397,207.32,4583.2,53.0,17.0,32.0,1.0,16.503,7.672,16.503
2.500,3800,0.0100,0.007474,0.010966,215.36,4782.2,51.0,18.0,33.0,2.0,5.014,7.162,7.162
2.500,3800,0.0110,0.006968,0.010219,231.09,5168.7,52.0,17.0,33.0,2.0,3.364,8.855,8.855
2.500,3800,0.0120,0.006544,0.009592,246.09,5540.2,51.0,19.0,34.0,2.0,6.856,15.879,15.879
2.500,3800,0.0130,0.006180,0.009056,260.50,5897.3,53.0,18.0,32.0,2.0,6.171,23.459,23.459
2.500,3800,0.0140,0.005872,0.008602,274.23,6240.2,51.0,17.0,34.0,2.0,3.711,30.758,30.758
2.500,3800,0.0150,0.005603,0.008205,287.32,6569.5,52.0,17.0,34.0,2.0,3.634,37.784,37.784
2.500,4000,0.0070,0.009453,0.013897,170.32,3679.5,52.0,17.0,33.0,2.0,3.364,23.485,23.485
2.500,4000,0.0080,0.008525,0.012521,188.86,4132.3,50.0,18.0,34.0,2.0,5.768,13.997,13.997
2.500,4000,0.0085,0.008137,0.011947,197.86,4352.4,52.0,17.0,32.0,2.0,4.114,10.082,10.082
2.500,4000,0.0090,0.007790,0.011433,206.68,4568.3,51.0,17.0,32.0,2.0,4.192,7.620,7.620
2.500,4000,0.0095,0.007477,0.010971,215.27,4780.2,51.0,17.0,33.0,2.0,3.441,7.070,7.070
2.500,4000,0.0100,0.007196,0.010555,223.73,4988.0,51.0,18.0,33.0,2.0,5.014,7.426,7.426
2.500,4000,0.0110,0.006706,0.009831,240.09,5391.7,50.0,18.0,34.0,2.0,5.768,12.502,12.502
2.500,4000,0.0120,0.006294,0.009223,255.82,5780.0,50.0,17.0,33.0,2.0,3.926,20.709,20.709
2.500,4000,0.0130,0.005945,0.008709,270.82,6153.3,52.0,18.0,33.0,2.0,4.936,28.618,28.618
2.500,4000,0.0140,0.005646,0.008269,285.14,6511.9,51.0,18.0,33.0,2.0,5.014,36.235,36.235
2.500,4000,0.0150,0.005386,0.007886,298.91,6856.2,51.0,17.0,34.0,2.0,3.711,43.569,43.569
2.500,4200,0.0070,0.009131,0.013420,176.32,3827.3,51.0,17.0,32.0,2.0,4.192,20.510,20.510
2.500,4200,0.0080,0.008233,0.012089,195.55,4298.8,52.0,17.0,32.0,2.0,4.114,11.126,11.126
2.500,4200,0.0085,0.007852,0.011525,205.00,4528.1,53.0,17.0,33.0,2.0,3.848,8.484,8.484
2.500,4200,0.0090,0.007520,0.011034,214.05,4753.0,52.0,17.0,33.0,2.0,3.364,7.058,7.058
2.500,4200,0.0095,0.007217,0.010586,223.09,4973.7,53.0,17.0,33.0,2.0,3.848,6.999,6.999
2.500,4200,0.0100,0.006942,0.010180,231.91,5190.2,52.0,18.0,33.0,2.0,4.936,8.226,8.226
2.500,4200,0.0110,0.006467,0.009479,248.95,5611.0,51.0,18.0,33.0,2.0,5.014,16.919,16.919
2.500,4200,0.0120,0.006069,0.008892,265.23,6015.8,52.0,17.0,32.0,2.0,4.114,25.460,25.460
2.500,4200,0.0130,0.005730,0.008393,280.95,6405.0,53.0,17.0,33.0,2.0,3.848,33.692,33.692
2.500,4200,0.0140,0.005441,0.007967,295.86,6779.1,52.0,17.0,33.0,2.0,3.364,41.623,41.623
2.500,4200,0.0150,0.005190,0.007597,310.23,7138.4,52.0,16.0,33.0,2.0,1.791,49.261,49.261
2.500,4500,0.0070,0.008698,0.012778,185.09,4044.3,51.0,17.0,32.0,2.0,4.192,16.138,16.138
2.500,4500,0.0080,0.007835,0.011499,205.45,4543.3,52.0,18.0,34.0,2.0,5.206,8.944,8.944
2.500,4500,0.0085,0.007477,0.010971,215.36,4786.0,53.0,17.0,33.0,2.0,3.848,6.869,6.869
2.500,4500,0.0090,0.007153,0.010491,225.05,5024.1,51.0,18.0,34.0,2.0,5.284,6.804,6.804
2.500,4500,0.0095,0.006864,0.010065,234.55,5257.9,50.0,19.0,35.0,2.0,8.091,9.236,9.236
2.500,4500,0.0100,0.006603,0.009680,243.86,5487.3,51.0,18.0,33.0,2.0,5.014,14.047,14.047
2.500,4500,0.0110,0.006147,0.009007,261.91,5933.1,52.0,17.0,33.0,2.0,3.364,23.412,23.412
2.500,4500,0.0120,0.005765,0.008444,279.23,6362.2,52.0,17.0,33.0,2.0,3.364,32.445,32.445
2.500,4500,0.0130,0.005444,0.007971,295.73,6775.0,52.0,16.0,32.0,2.0,2.542,41.154,41.154
2.500,4500,0.0140,0.005168,0.007565,311.59,7171.8,50.0,17.0,34.0,2.0,4.196,49.547,49.547
2.500,4500,0.0150,0.004926,0.007209,326.82,7553.2,52.0,16.0,32.0,2.0,2.542,57.632,57.632
2.550,2800,0.0070,0.011854,0.017469,135.77,2825.7,52.0,16.0,32.0,2.0,2.542,40.766,40.766
2.550,2800,0.0080,0.010727,0.015790,150.09,3171.0,50.0,17.0,33.0,2.0,3.926,33.460,33.460
2.550,2800,0.0085,0.010258,0.015093,156.95,3338.6,54.0,16.0,32.0,2.0,3.511,29.908,29.908
2.550,2800,0.0090,0.009839,0.014470,163.64,3502.9,51.0,16.0,33.0,2.0,1.869,26.421,26.421
2.550,2800,0.0095,0.009453,0.013897,170.32,3664.0,52.0,16.0,32.0,2.0,2.542,22.999,22.999
2.550,2800,0.0100,0.009108,0.013385,176.77,3821.8,50.0,17.0,32.0,2.0,4.676,19.641,19.641
2.550,2800,0.0110,0.008504,0.012490,189.32,4128.0,53.0,16.0,31.0,2.0,3.777,13.113,13.113
2.550,2800,0.0120,0.008001,0.011745,201.23,4422.0,50.0,16.0,34.0,2.0,2.624,9.516,9.516
2.550,2800,0.0130,0.007568,0.011105,212.73,4704.0,53.0,16.0,33.0,2.0,2.276,8.242,8.242
2.550,2800,0.0140,0.007201,0.010562,223.59,4974.4,51.0,17.0,33.0,1.0,15.346,9.972,15.346
2.550,2800,0.0150,0.006880,0.010089,234.00,5233.6,51.0,18.0,34.0,2.0,5.284,11.903,11.903
2.550,3000,0.0070,0.011273,0.016603,142.82,2995.1,52.0,16.0,33.0,2.0,1.791,37.377,37.377
2.550,3000,0.0080,0.010199,0.015005,157.82,3361.6,52.0,16.0,32.0,2.0,2.542,29.645,29.645
2.550,3000,0.0085,0.009747,0.014333,165.18,3539.6,53.0,15.0,31.0,2.0,5.035,25.884,25.884
2.550,3000,0.0090,0.009338,0.013727,172.41,3714.1,52.0,16.0,32.0,2.0,2.542,22.192,22.192
2.550,3000,0.0095,0.008974,0.013186,179.41,3885.1,51.0,17.0,32.0,2.0,4.192,18.568,18.568
2.550,3000,0.0100,0.008647,0.012703,186.18,4052.8,52.0,17.0,32.0,2.0,4.114,15.011,15.011
2.550,3000,0.0110,0.008070,0.011848,199.50,4378.2,51.0,16.0,33.0,2.0,1.869,9.558,9.558
2.550,3000,0.0120,0.007588,0.011134,212.23,4690.6,53.0,17.0,33.0,2.0,3.848,7.696,7.696
2.550,3000,0.0130,0.007177,0.010527,224.36,4990.5,49.0,18.0,33.0,2.0,5.983,9.498,9.498
2.550,3000,0.0140,0.006822,0.010003,236.00,5278.2,53.0,17.0,32.0,2.0,4.599,11.913,11.913
2.550,3000,0.0150,0.006517,0.009553,247.09,5554.0,50.0,18.0,34.0,2.0,5.768,17.063,17.063
2.550,3200,0.0070,0.010763,0.015844,149.59,3161.1,53.0,17.0,33.0,2.0,3.848,34.059,34.059
2.550,3200,0.0080,0.009725,0.014302,165.55,3548.5,52.0,17.0,32.0,2.0,4.114,25.908,25.908
2.550,3200,0.0085,0.009292,0.013658,173.27,3736.6,52.0,17.0,31.0,2.0,4.864,21.942,21.942
2.550,3200,0.0090,0.008902,0.013079,180.86,3921.0,51.0,16.0,33.0,2.0,1.869,18.049,18.049
2.550,3200,0.0095,0.008553,0.012563,188.23,4101.9,52.0,17.0,32.0,2.0,4.114,14.227,14.227
2.550,3200,0.0100,0.008235,0.012092,195.50,4279.3,50.0,17.0,34.0,2.0,4.196,10.475,10.475
2.550,3200,0.0110,0.007685,0.011278,209.55,4623.5,51.0,17.0,33.0,2.0,3.441,7.692,7.692
2.550,3200,0.0120,0.007220,0.010590,223.00,4954.2,53.0,16.0,32.0,2.0,3.026,8.746,8.746
2.550,3200,0.0130,0.006827,0.010011,235.82,5271.7,52.0,18.0,33.0,2.0,4.936,11.254,11.254
2.550,3200,0.0140,0.006490,0.009512,248.09,5576.3,51.0,18.0,33.0,2.0,5.014,17.125,17.125
2.550,3200,0.0150,0.006197,0.009080,259.82,5868.6,51.0,17.0,33.0,2.0,3.441,23.387,23.387
2.550,3400,0.0070,0.010305,0.015164,156.23,3323.8,53.0,17.0,33.0,2.0,3.848,30.807,30.807
2.550,3400,0.0080,0.009306,0.013680,173.00,3731.6,51.0,17.0,32.0,2.0,4.192,22.245,22.245
2.550,3400,0.0085,0.008888,0.013060,181.14,3929.7,51.0,16.0,32.0,2.0,2.619,18.079,18.079
2.550,3400,0.0090,0.008514,0.012506,189.09,4124.0,51.0,16.0,33.0,2.0,1.869,13.988,13.988
2.550,3400,0.0095,0.008176,0.012005,196.91,4314.6,51.0,17.0,32.0,2.0,4.192,9.972,9.972
2.550,3400,0.0100,0.007871,0.011553,204.50,4501.4,52.0,17.0,33.0,2.0,3.364,7.859,7.859
2.550,3400,0.0110,0.007339,0.010767,219.32,4864.2,52.0,17.0,32.0,2.0,4.114,7.725,7.725
2.550,3400,0.0120,0.006898,0.010115,233.45,5212.9,52.0,17.0,33.0,2.0,3.364,9.924,9.924
2.550,3400,0.0130,0.006519,0.009556,247.00,5547.7,50.0,18.0,34.0,2.0,5.768,16.150,16.150
2.550,3400,0.0140,0.006192,0.009074,259.95,5869.1,52.0,17.0,31.0,2.0,4.864,23.000,23.000
2.550,3400,0.0150,0.005912,0.008661,272.32,6177.5,52.0,17.0,33.0,2.0,3.364,29.591,29.591
2.550,3600,0.0070,0.009891,0.014548,162.77,3483.4,52.0,16.0,32.0,2.0,2.542,27.619,27.619
2.550,3600,0.0080,0.008926,0.013116,180.32,3911.3,52.0,16.0,32.0,2.0,2.542,18.653,18.653
2.550,3600,0.0085,0.008525,0.012521,188.86,4119.2,51.0,16.0,32.0,2.0,2.619,14.290,14.290
2.550,3600,0.0090,0.008161,0.011983,197.27,4323.2,51.0,17.0,33.0,1.0,15.346,10.005,15.346
2.550,3600,0.0095,0.007838,0.011504,205.41,4523.2,52.0,18.0,33.0,2.0,4.936,7.684,7.684
2.550,3600,0.0100,0.007544,0.011070,213.36,4719.4,52.0,17.0,33.0,2.0,3.364,7.176,7.176
2.550,3600,0.0110,0.007032,0.010313,228.95,5100.5,51.0,17.0,32.0,2.0,4.192,8.686,8.686
2.550,3600,0.0120,0.006603,0.009680,243.77,5466.8,52.0,18.0,33.0,2.0,4.936,14.120,14.120
2.550,3600,0.0130,0.006240,0.009144,258.00,5818.7,52.0,17.0,33.0,2.0,3.364,21.581,21.581
2.550,3600,0.0140,0.005928,0.008684,271.55,6156.6,51.0,17.0,33.0,2.0,3.441,28.766,28.766
2.550,3600,0.0150,0.005658,0.008287,284.59,6481.0,52.0,17.0,33.0,2.0,3.364,35.681,35.681
2.550,3800,0.0070,0.009519,0.013995,169.14,3639.9,52.0,16.0,32.0,2.0,2.542,24.489,24.489
2.550,3800,0.0080,0.008585,0.012609,187.55,4087.6,50.0,17.0,33.0,2.0,3.926,15.128,15.128
2.550,3800,0.0085,0.008195,0.012033,196.45,4305.2,51.0,17.0,33.0,2.0,3.441,10.571,10.571
2.550,3800,0.0090,0.007847,0.011517,205.18,4518.6,54.0,17.0,32.0,2.0,5.083,7.594,7.594
2.550,3800,0.0095,0.007531,0.011051,213.77,4728.0,52.0,17.0,33.0,2.0,3.364,7.044,7.044
2.550,3800,0.0100,0.007248,0.010632,222.14,4933.4,51.0,17.0,34.0,2.0,3.711,7.292,7.292
2.550,3800,0.0110,0.006756,0.009905,238.32,5332.5,50.0,17.0,33.0,2.0,3.926,11.017,11.017
2.550,3800,0.0120,0.006341,0.009293,253.91,5716.1,52.0,17.0,33.0,2.0,3.364,19.114,19.114
2.550,3800,0.0130,0.005990,0.008776,268.77,6084.9,51.0,17.0,34.0,2.0,3.711,26.915,26.915
2.550,3800,0.0140,0.005688,0.008331,283.05,6439.1,51.0,17.0,34.0,2.0,3.711,34.429,34.429
2.550,3800,0.0150,0.005428,0.007947,296.64,6779.2,51.0,16.0,33.0,2.0,1.869,41.663,41.663
2.550,4000,0.0070,0.009179,0.013490,175.41,3793.5,52.0,17.0,33.0,2.0,3.364,21.416,21.416
2.550,4000,0.0080,0.008276,0.012152,194.55,4260.6,52.0,17.0,33.0,2.0,3.364,11.666,11.666
2.550,4000,0.0085,0.007899,0.011595,203.82,4487.7,52.0,17.0,34.0,2.0,3.634,8.291,8.291
2.550,4000,0.0090,0.007560,0.011093,212.95,4710.5,53.0,18.0,33.0,2.0,5.421,6.997,6.997
2.550,4000,0.0095,0.007255,0.010643,221.86,4929.1,52.0,18.0,33.0,2.0,4.936,6.890,6.890
2.550,4000,0.0100,0.006981,0.010237,230.64,5143.5,52.0,18.0,33.0,2.0,4.936,8.114,8.114
2.550,4000,0.0110,0.006503,0.009531,247.59,5560.3,52.0,17.0,33.0,2.0,3.364,15.580,15.580
2.550,4000,0.0120,0.006103,0.008942,263.82,5961.1,51.0,17.0,33.0,2.0,3.441,24.021,24.021
2.550,4000,0.0130,0.005763,0.008441,279.36,6346.4,51.0,17.0,34.0,2.0,3.711,32.157,32.157
2.550,4000,0.0140,0.005472,0.008012,294.23,6716.7,52.0,16.0,33.0,2.0,1.791,39.994,39.994
2.550,4000,0.0150,0.005220,0.007642,308.45,7072.3,51.0,17.0,33.0,2.0,3.441,47.542,47.542
2.550,4200,0.0070,0.008871,0.013033,181.50,3944.2,51.0,17.0,33.0,2.0,3.441,18.397,18.397
2.550,4200,0.0080,0.007992,0.011732,201.45,4430.5,52.0,17.0,33.0,2.0,3.364,9.408,9.408
2.550,4200,0.0085,0.007627,0.011192,211.09,4666.9,51.0,17.0,33.0,2.0,3.441,7.034,7.034
2.550,4200,0.0090,0.007299,0.010707,220.59,4898.9,52.0,18.0,34.0,2.0,5.206,6.413,6.413
2.550,4200,0.0095,0.007004,0.010272,229.86,5126.5,51.0,17.0,33.0,2.0,3.441,7.650,7.650
2.550,4200,0.0100,0.006739,0.009880,238.95,5349.9,51.0,17.0,33.0,2.0,3.441,10.958,10.958
2.550,4200,0.0110,0.006273,0.009193,256.64,5784.1,52.0,17.0,32.0,2.0,4.114,20.064,20.064
2.550,4200,0.0120,0.005887,0.008623,273.45,6201.7,50.0,19.0,34.0,2.0,7.341,28.845,28.845
2.550,4200,0.0130,0.005558,0.008139,289.68,6603.4,50.0,18.0,34.0,2.0,5.768,37.309,37.309
2.550,4200,0.0140,0.005276,0.007723,305.18,6989.5,53.0,16.0,31.0,2.0,3.777,45.466,45.466
2.550,4200,0.0150,0.005031,0.007363,320.05,7360.4,52.0,16.0,33.0,2.0,1.791,53.323,53.323
2.550,4500,0.0070,0.008453,0.012415,190.45,4165.3,51.0,17.0,33.0,2.0,3.441,13.963,13.963
2.550,4500,0.0080,0.007612,0.011170,211.50,4679.6,51.0,17.0,33.0,2.0,3.441,7.195,7.195
2.550,4500,0.0085,0.007261,0.010651,221.73,4929.7,52.0,18.0,33.0,2.0,4.936,6.226,6.226
2.550,4500,0.0090,0.006946,0.010186,231.77,5175.2,51.0,18.0,34.0,2.0,5.284,7.416,7.416
2.550,4500,0.0095,0.006664,0.009770,241.59,5416.2,51.0,17.0,33.0,2.0,3.441,12.091,12.091
2.550,4500,0.0100,0.006410,0.009394,251.18,5652.7,52.0,18.0,33.0,2.0,4.936,17.032,17.032
2.550,4500,0.0110,0.005966,0.008740,269.86,6112.5,50.0,17.0,33.0,2.0,3.926,26.652,26.652
2.550,4500,0.0120,0.005596,0.008194,287.77,6555.0,52.0,17.0,33.0,2.0,3.364,35.932,35.932
2.550,4500,0.0130,0.005281,0.007731,304.86,6980.8,51.0,16.0,34.0,2.0,2.139,44.881,44.881
2.550,4500,0.0140,0.005011,0.007333,321.32,7390.2,51.0,16.0,33.0,2.0,1.869,53.508,53.508
2.550,4500,0.0150,0.004777,0.006991,337.00,7783.7,52.0,15.0,32.0,2.0,3.800,61.820,61.820
2.600,2800,0.0070,0.011493,0.016930,140.05,2920.8,51.0,17.0,34.0,2.0,3.711,38.989,38.989
2.600,2800,0.0080,0.010399,0.015303,154.82,3277.8,53.0,16.0,33.0,2.0,2.276,31.459,31.459
2.600,2800,0.0085,0.009938,0.014618,162.00,3451.2,53.0,16.0,31.0,2.0,3.777,27.797,27.797
2.600,2800,0.0090,0.009527,0.014006,169.00,3621.1,52.0,16.0,32.0,2.0,2.542,24.202,24.202
2.600,2800,0.0095,0.009157,0.013458,175.82,3787.7,52.0,16.0,32.0,2.0,2.542,20.674,20.674
2.600,2800,0.0100,0.008822,0.012961,182.50,3950.9,53.0,16.0,31.0,2.0,3.777,17.211,17.211
2.600,2800,0.0110,0.008235,0.012092,195.50,4267.7,51.0,16.0,33.0,2.0,1.869,11.669,11.669
2.600,2800,0.0120,0.007744,0.011365,207.91,4571.8,52.0,17.0,33.0,2.0,3.364,8.253,8.253
2.600,2800,0.0130,0.007326,0.010747,219.77,4863.6,50.0,17.0,35.0,2.0,4.946,9.129,9.129
2.600,2800,0.0140,0.006966,0.010215,231.14,5143.4,51.0,17.0,34.0,2.0,3.711,10.921,10.921
2.600,2800,0.0150,0.006654,0.009755,241.91,5411.6,51.0,17.0,33.0,2.0,3.441,14.282,14.282
2.600,3000,0.0070,0.010939,0.016106,147.14,3094.2,53.0,16.0,32.0,2.0,3.026,35.539,35.539
2.600,3000,0.0080,0.009886,0.014539,162.86,3473.1,52.0,17.0,31.0,2.0,4.864,27.573,27.573
2.600,3000,0.0085,0.009445,0.013886,170.45,3657.0,50.0,17.0,33.0,2.0,3.926,23.699,23.699
2.600,3000,0.0090,0.009054,0.013306,177.86,3837.4,51.0,17.0,33.0,2.0,3.441,19.895,19.895
2.600,3000,0.0095,0.008698,0.012778,185.09,4014.3,51.0,16.0,32.0,2.0,2.619,16.160,16.160
2.600,3000,0.0100,0.008376,0.012300,192.23,4187.6,51.0,17.0,33.0,2.0,3.441,12.495,12.495
2.600,3000,0.0110,0.007816,0.011471,206.05,4524.1,50.0,17.0,33.0,2.0,3.926,8.299,8.299
2.600,3000,0.0120,0.007345,0.010776,219.18,4847.2,53.0,16.0,32.0,2.0,3.026,8.449,8.449
2.600,3000,0.0130,0.006946,0.010186,231.77,5157.3,50.0,18.0,34.0,2.0,5.768,10.387,10.387
2.600,3000,0.0140,0.006603,0.009680,243.82,5454.9,51.0,17.0,35.0,2.0,4.462,14.462,14.462
2.600,3000,0.0150,0.006306,0.009241,255.32,5740.1,51.0,17.0,32.0,2.0,4.192,20.576,20.576
2.600,3200,0.0070,0.010442,0.015367,154.18,3264.1,52.0,17.0,33.0,2.0,3.364,32.163,32.163
2.600,3200,0.0080,0.009435,0.013871,170.68,3664.3,52.0,16.0,33.0,2.0,1.791,23.771,23.771
2.600,3200,0.0085,0.009010,0.013241,178.68,3858.7,52.0,16.0,33.0,2.0,1.791,19.688,19.688
2.600,3200,0.0090,0.008631,0.012678,186.55,4049.3,52.0,17.0,31.0,2.0,4.864,15.679,15.679
2.600,3200,0.0095,0.008289,0.012172,194.23,4236.2,51.0,16.0,33.0,2.0,1.869,11.743,11.743
2.600,3200,0.0100,0.007981,0.011716,201.73,4419.5,52.0,16.0,33.0,2.0,1.791,9.025,9.025
2.600,3200,0.0110,0.007444,0.010922,216.27,4775.3,53.0,17.0,32.0,2.0,4.599,7.487,7.487
2.600,3200,0.0120,0.006993,0.010255,230.23,5117.1,49.0,18.0,34.0,2.0,6.253,9.571,9.571
2.600,3200,0.0130,0.006611,0.009691,243.55,5445.3,51.0,18.0,33.0,2.0,5.014,13.851,13.851
2.600,3200,0.0140,0.006282,0.009206,256.27,5760.3,51.0,17.0,33.0,2.0,3.441,20.560,20.560
2.600,3200,0.0150,0.005998,0.008788,268.41,6062.4,51.0,17.0,33.0,2.0,3.441,27.016,27.016
2.600,3400,0.0070,0.010000,0.014709,161.00,3430.4,54.0,16.0,30.0,2.0,5.012,28.857,28.857
2.600,3400,0.0080,0.009027,0.013264,178.32,3851.6,51.0,17.0,33.0,2.0,3.441,20.047,20.047
2.600,3400,0.0085,0.008620,0.012662,186.77,4056.2,51.0,16.0,32.0,2.0,2.619,15.760,15.760
2.600,3400,0.0090,0.008256,0.012123,195.00,4256.9,51.0,17.0,33.0,2.0,3.441,11.550,11.550
2.600,3400,0.0095,0.007927,0.011637,203.05,4453.7,52.0,17.0,33.0,2.0,3.364,8.188,8.188
2.600,3400,0.0100,0.007630,0.011197,211.00,4646.7,53.0,16.0,32.0,2.0,3.026,7.234,7.234
2.600,3400,0.0110,0.007114,0.010434,226.27,5021.6,52.0,17.0,33.0,2.0,3.364,8.482,8.482
2.600,3400,0.0120,0.006683,0.009798,240.91,5381.8,49.0,18.0,34.0,2.0,6.253,12.152,12.152
2.600,3400,0.0130,0.006314,0.009253,255.00,5727.8,51.0,17.0,33.0,2.0,3.441,19.481,19.481
2.600,3400,0.0140,0.005998,0.008788,268.41,6060.0,51.0,17.0,33.0,2.0,3.441,26.538,26.538
2.600,3400,0.0150,0.005724,0.008383,281.27,6378.7,52.0,18.0,34.0,2.0,5.206,33.329,33.329
2.600,3600,0.0070,0.009604,0.014122,167.64,3593.4,52.0,16.0,32.0,2.0,2.542,25.617,25.617
2.600,3600,0.0080,0.008662,0.012725,185.86,4035.2,53.0,16.0,30.0,2.0,4.527,16.397,16.397
2.600,3600,0.0085,0.008270,0.012143,194.68,4249.8,50.0,18.0,35.0,2.0,6.519,11.909,11.909
2.600,3600,0.0090,0.007920,0.011626,203.27,4460.4,52.0,16.0,32.0,2.0,2.542,7.682,7.682
2.600,3600,0.0095,0.007602,0.011156,211.77,4667.0,53.0,18.0,33.0,2.0,5.421,7.057,7.057
2.600,3600,0.0100,0.007315,0.010731,220.09,4869.6,52.0,16.0,33.0,2.0,1.791,7.130,7.130
2.600,3600,0.0110,0.006818,0.009997,236.18,5263.1,51.0,17.0,33.0,2.0,3.441,9.925,9.925
2.600,3600,0.0120,0.006400,0.009381,251.55,5641.4,49.0,17.0,35.0,2.0,5.431,17.323,17.323
2.600,3600,0.0130,0.006047,0.008860,266.23,6004.9,52.0,17.0,33.0,2.0,3.364,25.004,25.004
2.600,3600,0.0140,0.005743,0.008411,280.36,6354.0,50.0,18.0,35.0,2.0,6.519,32.401,32.401
2.600,3600,0.0150,0.005479,0.008022,293.86,6689.1,51.0,18.0,34.0,2.0,5.284,39.522,39.522
2.600,3800,0.0070,0.009243,0.013586,174.18,3753.2,53.0,17.0,32.0,2.0,4.599,22.440,22.440
2.600,3800,0.0080,0.008332,0.012236,193.23,4215.1,51.0,17.0,33.0,2.0,3.441,12.817,12.817
2.600,3800,0.0085,0.007954,0.011676,202.41,4439.7,53.0,16.0,32.0,2.0,3.026,8.182,8.182
2.600,3800,0.0090,0.007614,0.011173,211.41,4660.0,51.0,17.0,33.0,2.0,3.441,6.969,6.969
2.600,3800,0.0095,0.007308,0.010720,220.32,4876.1,53.0,17.0,33.0,2.0,3.848,6.756,6.756
2.600,3800,0.0100,0.007029,0.010309,229.00,5088.1,50.0,17.0,33.0,2.0,3.926,7.976,7.976
2.600,3800,0.0110,0.006551,0.009602,245.73,5500.0,51.0,16.0,32.0,2.0,2.619,14.068,14.068
2.600,3800,0.0120,0.006147,0.009007,261.86,5896.2,50.0,17.0,34.0,2.0,4.196,22.397,22.397
2.600,3800,0.0130,0.005807,0.008505,277.27,6276.9,51.0,16.0,34.0,2.0,2.139,30.424,30.424
2.600,3800,0.0140,0.005513,0.008073,292.00,6642.7,52.0,16.0,33.0,2.0,1.791,38.156,38.156
2.600,3800,0.0150,0.005260,0.007700,306.09,6994.0,52.0,15.0,33.0,2.0,3.049,45.601,45.601
2.600,4000,0.0070,0.008917,0.013103,180.55,3909.8,53.0,17.0,32.0,2.0,4.599,19.321,19.321
2.600,4000,0.0080,0.008037,0.011799,200.32,4391.6,52.0,17.0,32.0,2.0,4.114,9.303,9.303
2.600,4000,0.0085,0.007668,0.011253,209.95,4625.8,52.0,17.0,33.0,2.0,3.364,6.972,6.972
2.600,4000,0.0090,0.007338,0.010765,219.41,4855.7,53.0,17.0,33.0,2.0,3.848,6.349,6.349
2.600,4000,0.0095,0.007042,0.010327,228.64,5081.2,50.0,18.0,33.0,2.0,5.498,7.536,7.536
2.600,4000,0.0100,0.006774,0.009931,237.68,5302.5,50.0,17.0,34.0,2.0,4.196,9.699,9.699
2.600,4000,0.0110,0.006309,0.009246,255.18,5732.5,50.0,17.0,33.0,2.0,3.926,18.700,18.700
2.600,4000,0.0120,0.005919,0.008671,272.00,6146.2,52.0,17.0,32.0,2.0,4.114,27.379,27.379
2.600,4000,0.0130,0.005589,0.008184,288.09,6543.9,52.0,17.0,32.0,2.0,4.114,35.746,35.746
2.600,4000,0.0140,0.005305,0.007766,303.45,6926.2,51.0,16.0,33.0,2.0,1.869,43.808,43.808
2.600,4000,0.0150,0.005059,0.007405,318.23,7293.3,51.0,18.0,33.0,2.0,5.014,51.573,51.573
2.600,4200,0.0070,0.008618,0.012659,186.82,4063.5,51.0,16.0,32.0,2.0,2.619,16.259,16.259
2.600,4200,0.0080,0.007764,0.011395,207.41,4564.8,52.0,17.0,33.0,2.0,3.364,7.672,7.672
2.600,4200,0.0085,0.007405,0.010864,217.41,4808.5,51.0,17.0,33.0,2.0,3.441,6.396,6.396
2.600,4200,0.0090,0.007087,0.010394,227.14,5047.8,50.0,18.0,34.0,2.0,5.768,6.980,6.980
2.600,4200,0.0095,0.006800,0.009970,236.77,5282.6,50.0,18.0,35.0,2.0,6.519,9.088,9.088
2.600,4200,0.0100,0.006540,0.009586,246.18,5513.0,52.0,17.0,32.0,2.0,4.114,13.893,13.893
2.600,4200,0.0110,0.006088,0.008920,264.41,5960.8,50.0,17.0,34.0,2.0,4.196,23.250,23.250
2.600,4200,0.0120,0.005711,0.008364,281.91,6391.7,51.0,17.0,33.0,2.0,3.441,32.275,32.275
2.600,4200,0.0130,0.005390,0.007892,298.68,6806.1,51.0,17.0,33.0,2.0,3.441,40.976,40.976
2.600,4200,0.0140,0.005116,0.007488,314.73,7204.6,51.0,17.0,34.0,2.0,3.711,49.362,49.362
2.600,4200,0.0150,0.004877,0.007138,330.09,7587.4,52.0,16.0,32.0,2.0,2.542,57.441,57.441
2.600,4500,0.0070,0.008216,0.012064,195.91,4288.5,51.0,17.0,33.0,2.0,3.441,11.765,11.765
2.600,4500,0.0080,0.007396,0.010851,217.68,4818.5,51.0,17.0,34.0,2.0,3.711,6.271,6.271
2.600,4500,0.0085,0.007053,0.010344,228.23,5076.2,51.0,18.0,33.0,2.0,5.014,6.633,6.633
2.600,4500,0.0090,0.006749,0.009895,238.59,5329.3,50.0,19.0,33.0,2.0,7.071,9.816,9.816
2.600,4500,0.0095,0.006474,0.009489,248.73,5577.7,50.0,17.0,34.0,2.0,4.196,14.979,14.979
2.600,4500,0.0100,0.006224,0.009120,258.68,5821.4,52.0,17.0,33.0,2.0,3.364,20.052,20.052
2.600,4500,0.0110,0.005792,0.008484,277.95,6295.4,54.0,16.0,32.0,2.0,3.511,29.931,29.931
2.600,4500,0.0120,0.005433,0.007954,296.41,6751.7,51.0,17.0,34.0,2.0,3.711,39.463,39.463
2.600,4500,0.0130,0.005125,0.007502,314.14,7190.8,52.0,17.0,33.0,2.0,3.364,48.656,48.656
2.600,4500,0.0140,0.004862,0.007115,331.14,7613.1,51.0,16.0,33.0,2.0,1.869,57.519,57.519
2.600,4500,0.0150,0.004635,0.006781,347.41,8019.1,52.0,16.0,33.0,2.0,1.791,66.062,66.062
2.650,2800,0.0070,0.011149,0.016418,144.41,3018.3,52.0,17.0,32.0,2.0,4.114,37.181,37.181
2.650,2800,0.0080,0.010083,0.014832,159.68,3387.5,52.0,16.0,33.0,2.0,1.791,29.422,29.422
2.650,2800,0.0085,0.009635,0.014168,167.09,3566.7,52.0,17.0,32.0,2.0,4.114,25.648,25.648
2.650,2800,0.0090,0.009234,0.013572,174.36,3742.5,52.0,16.0,31.0,2.0,3.292,21.943,21.943
2.650,2800,0.0095,0.008875,0.013040,181.45,3914.7,52.0,16.0,32.0,2.0,2.542,18.306,18.306
2.650,2800,0.0100,0.008545,0.012551,188.36,4083.6,50.0,16.0,33.0,2.0,2.354,14.736,14.736
2.650,2800,0.0110,0.007974,0.011705,201.91,4411.2,51.0,17.0,33.0,2.0,3.441,10.446,10.446
2.650,2800,0.0120,0.007498,0.011001,214.73,4725.8,51.0,16.0,33.0,2.0,1.869,8.101,8.101
2.650,2800,0.0130,0.007091,0.010400,227.00,5027.6,51.0,17.0,34.0,2.0,3.711,10.016,10.016
2.650,2800,0.0140,0.006740,0.009882,238.82,5317.1,51.0,17.0,34.0,2.0,3.711,12.771,12.771
2.650,2800,0.0150,0.006439,0.009437,250.05,5594.6,51.0,17.0,33.0,2.0,3.441,17.457,17.457
2.650,3000,0.0070,0.010611,0.015618,151.68,3195.9,50.0,17.0,34.0,2.0,4.196,33.670,33.670
2.650,3000,0.0080,0.009589,0.014098,167.95,3587.4,51.0,17.0,32.0,2.0,4.192,25.468,25.468
2.650,3000,0.0085,0.009160,0.013462,175.77,3777.5,53.0,17.0,31.0,2.0,5.349,21.477,21.477
2.650,3000,0.0090,0.008776,0.012893,183.45,3964.0,52.0,16.0,32.0,2.0,2.542,17.559,17.559
2.650,3000,0.0095,0.008431,0.012382,190.95,4146.8,52.0,17.0,32.0,2.0,4.114,13.712,13.712
2.650,3000,0.0100,0.008116,0.011916,198.36,4326.0,52.0,15.0,32.0,2.0,3.800,10.908,10.908
2.650,3000,0.0110,0.007572,0.011110,212.59,4673.8,52.0,17.0,33.0,2.0,3.364,7.222,7.222
2.650,3000,0.0120,0.007114,0.010434,226.32,5007.9,52.0,16.0,33.0,2.0,1.791,9.271,9.271
2.650,3000,0.0130,0.006726,0.009861,239.36,5328.6,50.0,17.0,34.0,2.0,4.196,12.262,12.262
2.650,3000,0.0140,0.006391,0.009367,251.91,5636.3,51.0,17.0,34.0,2.0,3.711,17.849,17.849
2.650,3000,0.0150,0.006103,0.008942,263.82,5931.4,52.0,17.0,34.0,2.0,3.634,24.153,24.153
2.650,3200,0.0070,0.010134,0.014909,158.86,3369.6,53.0,16.0,32.0,2.0,3.026,30.238,30.238
2.650,3200,0.0080,0.009150,0.013448,175.95,3783.0,53.0,15.0,30.0,2.0,5.785,21.601,21.601
2.650,3200,0.0085,0.008741,0.012842,184.18,3983.8,51.0,16.0,31.0,2.0,3.370,17.398,17.398
2.650,3200,0.0090,0.008370,0.012291,192.32,4180.7,50.0,16.0,33.0,2.0,2.354,13.271,13.271
2.650,3200,0.0095,0.008037,0.011799,200.32,4373.8,53.0,17.0,33.0,2.0,3.848,9.898,9.898
2.650,3200,0.0100,0.007735,0.011352,208.14,4563.2,51.0,16.0,34.0,2.0,2.139,7.749,7.749
2.650,3200,0.0110,0.007215,0.010584,223.18,4930.9,51.0,17.0,33.0,1.0,15.346,8.241,15.346
2.650,3200,0.0120,0.006775,0.009933,237.64,5284.2,49.0,17.0,34.0,2.0,4.681,11.037,11.037
2.650,3200,0.0130,0.006403,0.009384,251.45,5623.4,50.0,17.0,34.0,2.0,4.196,17.141,17.141
2.650,3200,0.0140,0.006085,0.008915,264.59,5949.0,50.0,17.0,34.0,2.0,4.196,24.054,24.054
2.650,3200,0.0150,0.005808,0.008507,277.27,6261.4,53.0,16.0,32.0,2.0,3.026,30.707,30.707
2.650,3400,0.0070,0.009709,0.014278,165.82,3539.5,52.0,16.0,31.0,2.0,3.292,26.879,26.879
2.650,3400,0.0080,0.008759,0.012867,183.82,3974.4,51.0,16.0,33.0,2.0,1.869,17.817,17.817
2.650,3400,0.0085,0.008364,0.012282,192.45,4185.7,50.0,18.0,34.0,2.0,5.768,13.406,13.406
2.650,3400,0.0090,0.008008,0.011756,201.00,4392.9,53.0,17.0,33.0,2.0,3.848,9.228,9.228
2.650,3400,0.0095,0.007688,0.011283,209.41,4596.2,52.0,17.0,32.0,2.0,4.114,7.113,7.113
2.650,3400,0.0100,0.007401,0.010858,217.59,4795.5,51.0,17.0,34.0,2.0,3.711,6.936,6.936
2.650,3400,0.0110,0.006896,0.010113,233.41,5182.7,50.0,17.0,33.0,2.0,3.926,9.232,9.232
2.650,3400,0.0120,0.006475,0.009491,248.64,5554.9,50.0,18.0,35.0,2.0,6.519,15.320,15.320
2.650,3400,0.0130,0.006116,0.008962,263.23,5912.3,51.0,16.0,33.0,2.0,1.869,22.866,22.866
2.650,3400,0.0140,0.005810,0.008511,277.05,6255.6,53.0,16.0,32.0,2.0,3.026,30.133,30.133
2.650,3400,0.0150,0.005543,0.008117,290.45,6585.0,52.0,16.0,33.0,2.0,1.791,37.128,37.128
2.650,3600,0.0070,0.009324,0.013705,172.64,3705.9,52.0,17.0,32.0,2.0,4.114,23.589,23.589
2.650,3600,0.0080,0.008411,0.012353,191.41,4161.8,50.0,17.0,34.0,2.0,4.196,14.110,14.110
2.650,3600,0.0085,0.008024,0.011780,200.64,4383.4,51.0,18.0,34.0,2.0,5.284,9.496,9.496
2.650,3600,0.0090,0.007683,0.011275,209.55,4600.7,51.0,17.0,33.0,2.0,3.441,6.981,6.981
2.650,3600,0.0095,0.007375,0.010819,218.32,4814.0,52.0,17.0,32.0,2.0,4.114,6.596,6.596
2.650,3600,0.0100,0.007095,0.010406,226.91,5023.1,51.0,18.0,35.0,2.0,6.034,7.809,7.809
2.650,3600,0.0110,0.006612,0.009693,243.55,5429.5,49.0,18.0,35.0,2.0,7.003,12.370,12.370
2.650,3600,0.0120,0.006205,0.009093,259.50,5820.1,52.0,16.0,33.0,2.0,1.791,20.573,20.573
2.650,3600,0.0130,0.005860,0.008584,274.73,6195.6,51.0,16.0,33.0,2.0,1.869,28.478,28.478
2.650,3600,0.0140,0.005564,0.008148,289.32,6556.2,52.0,17.0,32.0,2.0,4.114,36.091,36.091
2.650,3600,0.0150,0.005309,0.007772,303.23,6902.4,51.0,17.0,33.0,2.0,3.441,43.422,43.422
2.650,3800,0.0070,0.008981,0.013197,179.27,3868.9,51.0,16.0,32.0,2.0,2.619,20.364,20.364
2.650,3800,0.0080,0.008090,0.011878,199.00,4345.4,51.0,16.0,34.0,2.0,2.139,10.476,10.476
2.650,3800,0.0085,0.007720,0.011330,208.55,4577.1,53.0,17.0,32.0,2.0,4.599,6.944,6.944
2.650,3800,0.0090,0.007390,0.010842,217.86,4804.4,51.0,18.0,33.0,2.0,5.014,6.320,6.320
2.650,3800,0.0095,0.007093,0.010402,227.05,5027.4,52.0,17.0,33.0,2.0,3.364,7.398,7.398
2.650,3800,0.0100,0.006823,0.010005,235.95,5246.2,51.0,17.0,34.0,2.0,3.711,9.005,9.005
2.650,3800,0.0110,0.006355,0.009313,253.36,5671.3,52.0,17.0,33.0,2.0,3.364,17.160,17.160
2.650,3800,0.0120,0.005963,0.008736,270.05,6080.2,51.0,17.0,34.0,2.0,3.711,25.726,25.726
2.650,3800,0.0130,0.005629,0.008244,286.00,6473.3,51.0,16.0,34.0,2.0,2.139,33.982,33.982
2.650,3800,0.0140,0.005343,0.007823,301.32,6851.0,52.0,16.0,33.0,2.0,1.791,41.936,41.936
2.650,3800,0.0150,0.005097,0.007461,315.86,7213.8,53.0,15.0,33.0,2.0,3.534,49.598,49.598
2.650,4000,0.0070,0.008664,0.012728,185.82,4028.5,52.0,16.0,31.0,2.0,3.292,17.201,17.201
2.650,4000,0.0080,0.007805,0.011456,206.27,4525.3,52.0,17.0,33.0,2.0,3.364,7.497,7.497
2.650,4000,0.0085,0.007446,0.010924,216.23,4766.9,53.0,17.0,32.0,2.0,4.599,6.332,6.332
2.650,4000,0.0090,0.007125,0.010451,225.95,5003.9,50.0,17.0,34.0,2.0,4.196,6.864,6.864
2.650,4000,0.0095,0.006838,0.010026,235.50,5236.6,50.0,17.0,34.0,2.0,4.196,8.453,8.453
2.650,4000,0.0100,0.006575,0.009638,244.86,5464.8,50.0,17.0,34.0,2.0,4.196,12.610,12.610
2.650,4000,0.0110,0.006122,0.008970,263.00,5908.5,52.0,16.0,33.0,2.0,1.791,21.860,21.860
2.650,4000,0.0120,0.005742,0.008409,280.36,6335.3,52.0,17.0,33.0,2.0,3.364,30.782,30.782
2.650,4000,0.0130,0.005421,0.007937,296.95,6745.8,51.0,16.0,33.0,2.0,1.869,39.383,39.383
2.650,4000,0.0140,0.005143,0.007528,313.00,7140.3,52.0,15.0,33.0,2.0,3.049,47.673,47.673
2.650,4000,0.0150,0.004904,0.007177,328.27,7519.4,52.0,16.0,33.0,2.0,1.791,55.659,55.659
2.650,4200,0.0070,0.008377,0.012303,192.18,4185.0,51.0,16.0,32.0,2.0,2.619,14.097,14.097
2.650,4200,0.0080,0.007543,0.011067,213.45,4701.7,52.0,17.0,33.0,2.0,3.364,6.437,6.437
2.650,4200,0.0085,0.007195,0.010553,223.73,4953.0,50.0,16.0,33.0,2.0,2.354,6.214,6.214
2.650,4200,0.0090,0.006883,0.010093,233.91,5199.6,52.0,18.0,33.0,2.0,4.936,7.576,7.576
2.650,4200,0.0095,0.006602,0.009678,243.86,5441.7,51.0,18.0,34.0,2.0,5.284,11.928,11.928
2.650,4200,0.0100,0.006349,0.009304,253.59,5679.3,52.0,17.0,33.0,2.0,3.364,16.864,16.864
2.650,4200,0.0110,0.005909,0.008656,272.45,6141.1,51.0,17.0,33.0,2.0,3.441,26.475,26.475
2.650,4200,0.0120,0.005542,0.008116,290.45,6585.6,53.0,17.0,33.0,2.0,3.848,35.747,35.747
2.650,4200,0.0130,0.005230,0.007656,307.82,7013.1,50.0,16.0,34.0,2.0,2.624,44.688,44.688
2.650,4200,0.0140,0.004962,0.007262,324.45,7424.3,52.0,16.0,33.0,2.0,1.791,53.308,53.308
2.650,4200,0.0150,0.004730,0.006921,340.36,7819.3,51.0,16.0,34.0,2.0,2.139,61.614,61.614
2.650,4500,0.0070,0.007988,0.011727,201.50,4414.0,52.0,17.0,32.0,2.0,4.114,9.937,9.937
2.650,4500,0.0080,0.007190,0.010547,223.91,4959.9,51.0,17.0,33.0,2.0,3.441,5.754,5.754
2.650,4500,0.0085,0.006855,0.010051,234.86,5225.5,50.0,18.0,35.0,2.0,6.519,7.384,7.384
2.650,4500,0.0090,0.006557,0.009611,245.55,5486.2,51.0,17.0,33.0,2.0,3.441,12.599,12.599
2.650,4500,0.0095,0.006288,0.009215,256.05,5742.1,52.0,17.0,33.0,2.0,3.364,17.898,17.898
2.650,4500,0.0100,0.006046,0.008859,266.23,5993.3,52.0,17.0,33.0,2.0,3.364,23.105,23.105
2.650,4500,0.0110,0.005626,0.008239,286.18,6481.9,50.0,17.0,34.0,2.0,4.196,33.246,33.246
2.650,4500,0.0120,0.005273,0.007720,305.32,6952.3,51.0,18.0,33.0,2.0,5.014,43.033,43.033
2.650,4500,0.0130,0.004974,0.007280,323.68,7405.0,51.0,17.0,34.0,2.0,3.711,52.474,52.474
2.650,4500,0.0140,0.004720,0.006905,341.18,7840.5,51.0,15.0,33.0,2.0,3.127,61.578,61.578
2.650,4500,0.0150,0.004497,0.006579,358.05,8259.2,52.0,16.0,32.0,2.0,2.542,70.354,70.354
2.700,2800,0.0070,0.010819,0.015927,148.82,3118.3,50.0,17.0,33.0,2.0,3.926,35.343,35.343
2.700,2800,0.0080,0.009776,0.014377,164.68,3500.0,52.0,16.0,33.0,2.0,1.791,27.351,27.351
2.700,2800,0.0085,0.009338,0.013727,172.41,3685.3,52.0,16.0,32.0,2.0,2.542,23.462,23.462
2.700,2800,0.0090,0.008949,0.013150,179.91,3867.0,52.0,16.0,32.0,2.0,2.542,19.645,19.645
2.700,2800,0.0095,0.008595,0.012625,187.32,4045.1,51.0,16.0,33.0,2.0,1.869,15.897,15.897
2.700,2800,0.0100,0.008280,0.012158,194.45,4219.7,51.0,16.0,33.0,2.0,1.869,12.923,12.923
2.700,2800,0.0110,0.007724,0.011335,208.41,4558.6,53.0,16.0,32.0,2.0,3.026,9.183,9.183
2.700,2800,0.0120,0.007260,0.010649,221.73,4883.9,51.0,16.0,34.0,2.0,2.139,8.921,8.921
2.700,2800,0.0130,0.006863,0.010063,234.59,5196.1,50.0,16.0,34.0,2.0,2.624,10.899,10.899
2.700,2800,0.0140,0.006524,0.009563,246.77,5495.6,51.0,18.0,35.0,2.0,6.034,15.091,15.091
2.700,2800,0.0150,0.006230,0.009130,258.41,5782.7,51.0,16.0,33.0,2.0,1.869,20.976,20.976
2.700,3000,0.0070,0.010303,0.015159,156.32,3300.0,52.0,17.0,33.0,2.0,3.364,31.773,31.773
2.700,3000,0.0080,0.009301,0.013672,173.14,3704.5,51.0,17.0,33.0,2.0,3.441,23.329,23.329
2.700,3000,0.0085,0.008882,0.013050,181.27,3901.0,52.0,17.0,32.0,2.0,4.114,19.220,19.220
2.700,3000,0.0090,0.008508,0.012496,189.18,4093.7,50.0,16.0,34.0,2.0,2.624,15.185,15.185
2.700,3000,0.0095,0.008171,0.011997,197.05,4282.6,51.0,17.0,35.0,2.0,4.462,11.730,11.730
2.700,3000,0.0100,0.007866,0.011545,204.64,4467.8,51.0,17.0,34.0,2.0,3.711,9.663,9.663
2.700,3000,0.0110,0.007335,0.010760,219.50,4827.4,49.0,17.0,35.0,2.0,5.431,7.959,7.959
2.700,3000,0.0120,0.006891,0.010105,233.64,5172.8,52.0,17.0,33.0,2.0,3.364,10.087,10.087
2.700,3000,0.0130,0.006512,0.009546,247.18,5504.3,51.0,17.0,34.0,2.0,3.711,14.538,14.538
2.700,3000,0.0140,0.006190,0.009070,260.09,5822.5,49.0,17.0,34.0,2.0,4.681,21.293,21.293
2.700,3000,0.0150,0.005908,0.008655,272.50,6127.7,52.0,16.0,33.0,2.0,1.791,27.792,27.792
2.700,3200,0.0070,0.009839,0.014470,163.64,3477.5,52.0,16.0,31.0,2.0,3.292,28.285,28.285
2.700,3200,0.0080,0.008877,0.013043,181.36,3904.4,51.0,16.0,33.0,2.0,1.869,19.399,19.399
2.700,3200,0.0085,0.008476,0.012448,189.95,4111.8,50.0,16.0,33.0,2.0,2.354,15.075,15.075
2.700,3200,0.0090,0.008116,0.011916,198.36,4315.3,52.0,16.0,33.0,2.0,1.791,10.885,10.885
2.700,3200,0.0095,0.007793,0.011438,206.59,4514.8,52.0,17.0,33.0,2.0,3.364,8.637,8.637
2.700,3200,0.0100,0.007501,0.011006,214.59,4710.4,51.0,17.0,33.0,2.0,3.441,6.709,6.709
2.700,3200,0.0110,0.006992,0.010253,230.27,5090.3,52.0,16.0,33.0,2.0,1.791,8.988,8.988
2.700,3200,0.0120,0.006567,0.009626,245.23,5455.4,50.0,17.0,33.0,2.0,3.926,13.165,13.165
2.700,3200,0.0130,0.006204,0.009091,259.55,5806.0,52.0,16.0,33.0,2.0,1.791,20.483,20.483
2.700,3200,0.0140,0.005893,0.008632,273.23,6142.6,50.0,17.0,34.0,2.0,4.196,27.605,27.605
2.700,3200,0.0150,0.005623,0.008235,286.27,6465.5,50.0,16.0,34.0,2.0,2.624,34.459,34.459
2.700,3400,0.0070,0.009425,0.013856,170.82,3651.0,51.0,16.0,32.0,2.0,2.619,24.874,24.874
2.700,3400,0.0080,0.008502,0.012487,189.36,4099.9,51.0,16.0,33.0,1.0,13.774,15.556,15.556
2.700,3400,0.0085,0.008115,0.011913,198.41,4318.0,52.0,17.0,33.0,2.0,3.364,11.020,11.020
2.700,3400,0.0090,0.007768,0.011400,207.27,4532.0,52.0,16.0,32.0,2.0,2.542,7.961,7.961
2.700,3400,0.0095,0.007458,0.010943,215.86,4741.9,52.0,16.0,33.0,2.0,1.791,6.462,6.462
2.700,3400,0.0100,0.007176,0.010525,224.36,4947.8,51.0,16.0,33.0,2.0,1.869,7.612,7.612
2.700,3400,0.0110,0.006688,0.009805,240.77,5347.6,51.0,17.0,34.0,2.0,3.711,11.108,11.108
2.700,3400,0.0120,0.006276,0.009197,256.55,5732.0,51.0,17.0,33.0,2.0,3.441,18.534,18.534
2.700,3400,0.0130,0.005928,0.008684,271.59,6101.3,50.0,16.0,34.0,2.0,2.624,26.301,26.301
2.700,3400,0.0140,0.005629,0.008244,285.95,6456.0,52.0,16.0,33.0,2.0,1.791,33.783,33.783
2.700,3400,0.0150,0.005370,0.007862,299.77,6796.4,52.0,16.0,33.0,2.0,1.791,40.986,40.986
2.700,3600,0.0070,0.009059,0.013312,177.73,3820.8,51.0,17.0,33.0,2.0,3.441,21.535,21.535
2.700,3600,0.0080,0.008163,0.011985,197.18,4291.2,52.0,16.0,32.0,2.0,2.542,11.793,11.793
2.700,3600,0.0085,0.007791,0.011435,206.64,4519.8,52.0,16.0,32.0,2.0,2.542,7.639,7.639
2.700,3600,0.0090,0.007457,0.010941,215.91,4744.1,52.0,17.0,33.0,2.0,3.364,6.332,6.332
2.700,3600,0.0095,0.007156,0.010495,225.00,4964.2,52.0,16.0,33.0,1.0,13.696,7.232,13.696
2.700,3600,0.0100,0.006883,0.010093,233.91,5180.1,52.0,17.0,33.0,2.0,3.364,8.478,8.478
2.700,3600,0.0110,0.006412,0.009398,251.05,5599.6,49.0,16.0,34.0,2.0,3.108,15.432,15.432
2.700,3600,0.0120,0.006018,0.008816,267.50,6002.9,52.0,17.0,33.0,2.0,3.364,23.869,23.869
2.700,3600,0.0130,0.005682,0.008321,283.36,6390.6,54.0,16.0,32.0,2.0,3.511,32.000,32.000
2.700,3600,0.0140,0.005393,0.007896,298.55,6763.1,51.0,17.0,34.0,2.0,3.711,39.835,39.835
2.700,3600,0.0150,0.005144,0.007529,312.91,7120.7,51.0,16.0,33.0,2.0,1.869,47.379,47.379
2.700,3800,0.0070,0.008724,0.012816,184.55,3986.9,51.0,16.0,32.0,2.0,2.619,18.264,18.264
2.700,3800,0.0080,0.007859,0.011535,204.86,4478.4,52.0,16.0,33.0,2.0,1.791,8.107,8.107
2.700,3800,0.0085,0.007498,0.011001,214.73,4717.3,52.0,17.0,33.0,2.0,3.364,6.302,6.302
2.700,3800,0.0090,0.007174,0.010523,224.41,4951.8,51.0,17.0,33.0,2.0,3.441,6.725,6.725
2.700,3800,0.0095,0.006884,0.010095,233.82,5181.8,51.0,17.0,33.0,2.0,3.441,8.027,8.027
2.700,3800,0.0100,0.006622,0.009707,243.09,5407.6,50.0,17.0,34.0,2.0,4.196,11.162,11.162
2.700,3800,0.0110,0.006165,0.009034,261.09,5846.3,52.0,16.0,33.0,2.0,1.791,20.292,20.292
2.700,3800,0.0120,0.005784,0.008472,278.41,6268.3,50.0,17.0,34.0,2.0,4.196,29.097,29.097
2.700,3800,0.0130,0.005459,0.007994,294.91,6674.1,52.0,16.0,33.0,2.0,1.791,37.586,37.586
2.700,3800,0.0140,0.005181,0.007585,310.73,7064.0,51.0,17.0,33.0,2.0,3.441,45.767,45.767
2.700,3800,0.0150,0.004941,0.007231,325.86,7438.6,52.0,16.0,33.0,2.0,1.791,53.648,53.648
2.700,4000,0.0070,0.008421,0.012368,191.18,4149.5,50.0,17.0,34.0,2.0,4.196,15.057,15.057
2.700,4000,0.0080,0.007581,0.011125,212.36,4661.6,52.0,16.0,32.0,2.0,2.542,6.373,6.373
2.700,4000,0.0085,0.007232,0.010608,222.64,4910.7,52.0,17.0,33.0,2.0,3.364,6.097,6.097
2.700,4000,0.0090,0.006918,0.010144,232.73,5155.1,51.0,17.0,33.0,2.0,3.441,7.455,7.455
2.700,4000,0.0095,0.006637,0.009729,242.59,5395.0,51.0,17.0,33.0,2.0,3.441,10.676,10.676
2.700,4000,0.0100,0.006383,0.009355,252.18,5630.4,51.0,17.0,33.0,2.0,3.441,15.556,15.556
2.700,4000,0.0110,0.005941,0.008703,271.00,6088.0,52.0,16.0,33.0,2.0,1.791,25.059,25.059
2.700,4000,0.0120,0.005571,0.008158,288.91,6528.4,51.0,17.0,33.0,2.0,3.441,34.226,34.226
2.700,4000,0.0130,0.005259,0.007699,306.14,6951.9,52.0,16.0,32.0,2.0,2.542,43.066,43.066
2.700,4000,0.0140,0.004990,0.007303,322.68,7359.1,51.0,16.0,34.0,2.0,2.139,51.587,51.587
2.700,4000,0.0150,0.004756,0.006959,338.50,7750.3,50.0,16.0,34.0,2.0,2.624,59.799,59.799
2.700,4200,0.0070,0.008146,0.011960,197.68,4308.7,52.0,17.0,33.0,2.0,3.364,11.911,11.911
2.700,4200,0.0080,0.007329,0.010751,219.68,4841.2,52.0,17.0,32.0,2.0,4.114,5.790,5.790
2.700,4200,0.0085,0.006989,0.010249,230.36,5100.1,51.0,17.0,33.0,2.0,3.441,6.766,6.766
2.700,4200,0.0090,0.006686,0.009801,240.82,5354.4,50.0,17.0,34.0,2.0,4.196,9.643,9.643
2.700,4200,0.0095,0.006412,0.009398,251.00,5603.9,51.0,17.0,32.0,2.0,4.192,14.800,14.800
2.700,4200,0.0100,0.006166,0.009036,261.09,5848.8,51.0,17.0,33.0,2.0,3.441,19.867,19.867
2.700,4200,0.0110,0.005739,0.008405,280.55,6325.0,50.0,16.0,33.0,2.0,2.354,29.737,29.737
2.700,4200,0.0120,0.005380,0.007877,299.27,6783.3,51.0,17.0,34.0,2.0,3.711,39.259,39.259
2.700,4200,0.0130,0.005076,0.007430,317.18,7224.3,52.0,17.0,34.0,2.0,3.634,48.444,48.444
2.700,4200,0.0140,0.004815,0.007046,334.32,7648.4,52.0,16.0,33.0,2.0,1.791,57.301,57.301
2.700,4200,0.0150,0.004590,0.006715,350.82,8056.1,51.0,16.0,33.0,2.0,1.869,65.837,65.837
2.700,4500,0.0070,0.007773,0.011408,207.14,4541.6,53.0,15.0,32.0,2.0,4.284,8.355,8.355
2.700,4500,0.0080,0.006990,0.010251,230.32,5103.8,52.0,16.0,33.0,2.0,1.791,6.264,6.264
2.700,4500,0.0085,0.006665,0.009772,241.59,5377.3,51.0,17.0,33.0,2.0,3.441,9.879,9.879
2.700,4500,0.0090,0.006375,0.009343,252.59,5645.8,52.0,17.0,32.0,2.0,4.114,15.411,15.411
2.700,4500,0.0095,0.006113,0.008957,263.41,5909.5,52.0,17.0,33.0,2.0,3.364,20.847,20.847
2.700,4500,0.0100,0.005875,0.008606,274.05,6168.3,51.0,17.0,33.0,2.0,3.441,26.189,26.189
2.700,4500,0.0110,0.005465,0.008002,294.59,6671.8,52.0,16.0,33.0,2.0,1.791,36.596,36.596
2.700,4500,0.0120,0.005121,0.007496,314.36,7156.6,51.0,16.0,34.0,2.0,2.139,46.641,46.641
2.700,4500,0.0130,0.004830,0.007068,333.27,7623.2,52.0,16.0,32.0,2.0,2.542,56.333,56.333
2.700,4500,0.0140,0.004581,0.006702,351.45,8072.2,52.0,15.0,32.0,2.0,3.800,65.681,65.681
2.700,4500,0.0150,0.004365,0.006384,368.86,8504.0,51.0,15.0,32.0,2.0,3.877,74.694,74.694
2.800,2800,0.0070,0.010184,0.014983,158.09,3325.7,52.0,17.0,33.0,2.0,3.364,31.583,31.583
2.800,2800,0.0080,0.009195,0.013515,175.09,3733.4,51.0,16.0,33.0,2.0,1.869,23.112,23.112
2.800,2800,0.0085,0.008780,0.012900,183.36,3931.3,52.0,16.0,32.0,2.0,2.542,18.989,18.989
2.800,2800,0.0090,0.008411,0.012353,191.41,4125.5,52.0,16.0,33.0,2.0,1.791,14.941,14.941
2.800,2800,0.0095,0.008078,0.011859,199.32,4315.8,53.0,16.0,33.0,2.0,2.276,12.492,12.492
2.800,2800,0.0100,0.007774,0.011410,207.05,4502.4,51.0,15.0,33.0,2.0,3.127,10.463,10.463
2.800,2800,0.0110,0.007251,0.010636,222.05,4864.6,52.0,16.0,33.0,2.0,1.791,8.786,8.786
2.800,2800,0.0120,0.006810,0.009985,236.45,5212.5,51.0,16.0,34.0,2.0,2.139,10.636,10.636
2.800,2800,0.0130,0.006436,0.009434,250.09,5546.5,52.0,16.0,33.0,2.0,1.791,15.311,15.311
2.800,2800,0.0140,0.006115,0.008960,263.27,5866.8,51.0,16.0,34.0,2.0,2.139,21.672,21.672
2.800,2800,0.0150,0.005837,0.008550,275.82,6174.1,52.0,17.0,33.0,2.0,3.364,28.197,28.197
2.800,3000,0.0070,0.009701,0.014266,165.95,3515.5,52.0,17.0,33.0,2.0,3.364,27.897,27.897
2.800,3000,0.0080,0.008752,0.012858,183.95,3947.1,50.0,16.0,32.0,2.0,3.104,18.959,18.959
2.800,3000,0.0085,0.008360,0.012276,192.64,4156.8,52.0,16.0,33.0,2.0,1.791,14.608,14.608
2.800,3000,0.0090,0.008001,0.011745,201.18,4362.4,51.0,17.0,34.0,2.0,3.711,11.446,11.446
2.800,3000,0.0095,0.007682,0.011273,209.59,4564.1,52.0,16.0,33.0,2.0,1.791,9.228,9.228
2.800,3000,0.0100,0.007393,0.010846,217.77,4761.8,50.0,16.0,33.0,2.0,2.354,7.979,7.979
2.800,3000,0.0110,0.006891,0.010105,233.59,5145.8,52.0,15.0,33.0,2.0,3.049,9.436,9.436
2.800,3000,0.0120,0.006469,0.009482,248.86,5514.8,50.0,16.0,34.0,2.0,2.624,14.114,14.114
2.800,3000,0.0130,0.006111,0.008954,263.41,5869.1,51.0,16.0,33.0,2.0,1.869,21.177,21.177
2.800,3000,0.0140,0.005805,0.008502,277.32,6209.2,53.0,16.0,33.0,2.0,2.276,28.346,28.346
2.800,3000,0.0150,0.005540,0.008112,290.64,6535.5,51.0,16.0,34.0,2.0,2.139,35.247,35.247
2.800,3200,0.0070,0.009272,0.013629,173.59,3700.6,51.0,16.0,32.0,2.0,2.619,24.301,24.301
2.800,3200,0.0080,0.008364,0.012282,192.50,4155.6,52.0,17.0,33.0,2.0,3.364,14.906,14.906
2.800,3200,0.0085,0.007981,0.011716,201.73,4376.7,52.0,16.0,33.0,2.0,1.791,10.775,10.775
2.800,3200,0.0090,0.007642,0.011214,210.73,4593.6,53.0,17.0,32.0,2.0,4.599,8.363,8.363
2.800,3200,0.0095,0.007333,0.010758,219.55,4806.4,52.0,16.0,32.0,2.0,2.542,6.917,6.917
2.800,3200,0.0100,0.007054,0.010346,228.23,5015.1,51.0,16.0,33.0,2.0,1.869,8.042,8.042
2.800,3200,0.0110,0.006574,0.009636,244.91,5420.4,52.0,17.0,33.0,2.0,3.364,12.144,12.144
2.800,3200,0.0120,0.006170,0.009040,260.95,5810.0,51.0,16.0,33.0,2.0,1.869,19.477,19.477
2.800,3200,0.0130,0.005826,0.008533,276.36,6184.3,51.0,17.0,34.0,2.0,3.711,27.314,27.314
2.800,3200,0.0140,0.005533,0.008102,291.05,6543.8,50.0,16.0,34.0,2.0,2.624,34.864,34.864
2.800,3200,0.0150,0.005277,0.007726,305.09,6888.7,52.0,15.0,33.0,2.0,3.049,42.133,42.133
2.800,3400,0.0070,0.008893,0.013066,181.05,3881.2,52.0,16.0,32.0,2.0,2.542,20.788,20.788
2.800,3400,0.0080,0.008012,0.011761,200.91,4359.1,52.0,16.0,33.0,2.0,1.791,10.947,10.947
2.800,3400,0.0085,0.007647,0.011221,210.55,4591.4,51.0,17.0,34.0,2.0,3.711,7.873,7.873
2.800,3400,0.0090,0.007317,0.010733,220.00,4819.3,51.0,17.0,34.0,2.0,3.711,6.370,6.370
2.800,3400,0.0095,0.007022,0.010298,229.27,5043.0,51.0,17.0,34.0,2.0,3.711,7.658,7.658
2.800,3400,0.0100,0.006754,0.009903,238.36,5262.3,51.0,16.0,34.0,2.0,2.139,9.408,9.408
2.800,3400,0.0110,0.006290,0.009218,255.91,5688.6,52.0,17.0,33.0,2.0,3.364,16.564,16.564
2.800,3400,0.0120,0.005902,0.008646,272.82,6098.4,51.0,17.0,33.0,2.0,3.441,25.092,25.092
2.800,3400,0.0130,0.005572,0.008159,288.95,6492.4,50.0,16.0,34.0,2.0,2.624,33.313,33.313
2.800,3400,0.0140,0.005289,0.007743,304.41,6870.8,49.0,16.0,34.0,2.0,3.108,41.235,41.235
2.800,3400,0.0150,0.005043,0.007382,319.23,7234.1,51.0,16.0,34.0,2.0,2.139,48.865,48.865
2.800,3600,0.0070,0.008551,0.012560,188.27,4057.5,49.0,17.0,33.0,2.0,4.411,17.354,17.354
2.800,3600,0.0080,0.007702,0.011303,209.05,4557.8,52.0,17.0,33.0,2.0,3.364,7.763,7.763
2.800,3600,0.0085,0.007345,0.010776,219.18,4801.1,52.0,16.0,32.0,2.0,2.542,5.796,5.796
2.800,3600,0.0090,0.007029,0.010309,229.05,5039.8,52.0,17.0,33.0,2.0,3.364,7.141,7.141
2.800,3600,0.0095,0.006743,0.009886,238.77,5274.1,51.0,16.0,33.0,2.0,1.869,9.038,9.038
2.800,3600,0.0100,0.006486,0.009507,248.23,5504.0,51.0,17.0,34.0,2.0,3.711,12.425,12.425
2.800,3600,0.0110,0.006037,0.008845,266.68,5950.6,51.0,16.0,34.0,2.0,2.139,21.668,21.668
2.800,3600,0.0120,0.005661,0.008290,284.36,6380.4,51.0,17.0,34.0,2.0,3.711,30.584,30.584
2.800,3600,0.0130,0.005345,0.007825,301.27,6793.6,51.0,16.0,34.0,2.0,2.139,39.181,39.181
2.800,3600,0.0140,0.005072,0.007423,317.41,7190.6,51.0,16.0,34.0,2.0,2.139,47.468,47.468
2.800,3600,0.0150,0.004835,0.007076,332.95,7572.0,53.0,16.0,33.0,2.0,2.276,55.451,55.451
2.800,3800,0.0070,0.008243,0.012103,195.27,4229.7,52.0,15.0,32.0,2.0,3.800,13.994,13.994
2.800,3800,0.0080,0.007418,0.010883,217.05,4752.0,51.0,17.0,33.0,2.0,3.441,5.691,5.691
2.800,3800,0.0085,0.007074,0.010375,227.55,5006.0,48.0,18.0,35.0,2.0,7.488,6.498,7.488
2.800,3800,0.0090,0.006767,0.009922,237.91,5255.3,51.0,16.0,33.0,2.0,1.869,8.306,8.306
2.800,3800,0.0095,0.006493,0.009517,247.95,5500.0,51.0,16.0,34.0,2.0,2.139,12.084,12.084
2.800,3800,0.0100,0.006243,0.009148,257.91,5740.1,53.0,17.0,33.0,2.0,3.848,17.031,17.031
2.800,3800,0.0110,0.005809,0.008509,277.14,6206.9,51.0,16.0,33.0,2.0,1.869,26.665,26.665
2.800,3800,0.0120,0.005447,0.007975,295.59,6656.1,50.0,16.0,33.0,2.0,2.354,35.961,35.961
2.800,3800,0.0130,0.005140,0.007524,313.27,7088.2,51.0,16.0,33.0,2.0,1.869,44.927,44.927
2.800,3800,0.0140,0.004875,0.007135,330.23,7503.6,50.0,17.0,34.0,2.0,4.196,53.571,53.571
2.800,3800,0.0150,0.004647,0.006799,346.41,7902.7,52.0,16.0,33.0,2.0,1.791,61.902,61.902
2.800,4000,0.0070,0.007961,0.011687,202.23,4398.0,52.0,16.0,33.0,2.0,1.791,10.703,10.703
2.800,4000,0.0080,0.007163,0.010506,224.77,4941.8,51.0,17.0,34.0,2.0,3.711,5.735,5.735
2.800,4000,0.0085,0.006829,0.010012,235.77,5206.3,50.0,18.0,35.0,2.0,6.519,7.222,7.222
2.800,4000,0.0090,0.006531,0.009574,246.50,5466.0,50.0,16.0,34.0,2.0,2.624,11.165,11.165
2.800,4000,0.0095,0.006265,0.009180,257.00,5720.9,51.0,16.0,33.0,2.0,1.869,16.399,16.399
2.800,4000,0.0100,0.006022,0.008822,267.36,5971.1,52.0,17.0,33.0,2.0,3.364,21.542,21.542
2.800,4000,0.0110,0.005603,0.008205,287.32,6457.6,50.0,17.0,35.0,2.0,4.946,31.561,31.561
2.800,4000,0.0120,0.005252,0.007689,306.55,6925.9,50.0,15.0,33.0,2.0,3.611,41.229,41.229
2.800,4000,0.0130,0.004954,0.007250,325.00,7376.5,51.0,15.0,33.0,2.0,3.127,50.556,50.556
2.800,4000,0.0140,0.004699,0.006876,342.64,7809.9,51.0,16.0,33.0,2.0,1.869,59.551,59.551
2.800,4000,0.0150,0.004477,0.006549,359.59,8226.5,52.0,15.0,32.0,2.0,3.800,68.223,68.223
2.800,4200,0.0070,0.007705,0.011307,208.95,4562.7,54.0,17.0,32.0,2.0,5.083,7.478,7.478
2.800,4200,0.0080,0.006929,0.010160,232.36,5127.5,52.0,17.0,33.0,2.0,3.364,6.352,6.352
2.800,4200,0.0085,0.006606,0.009684,243.73,5402.3,52.0,16.0,32.0,2.0,2.542,9.676,9.676
2.800,4200,0.0090,0.006317,0.009258,254.91,5672.1,51.0,16.0,34.0,2.0,2.139,15.200,15.200
2.800,4200,0.0095,0.006058,0.008875,265.82,5937.0,52.0,16.0,33.0,2.0,1.791,20.629,20.629
2.800,4200,0.0100,0.005822,0.008528,276.55,6197.1,52.0,16.0,33.0,2.0,1.791,25.965,25.965
2.800,4200,0.0110,0.005415,0.007929,297.32,6702.9,49.0,16.0,34.0,2.0,3.108,36.360,36.360
2.800,4200,0.0120,0.005074,0.007427,317.27,7189.9,52.0,16.0,33.0,2.0,1.791,46.394,46.394
2.800,4200,0.0130,0.004785,0.007002,336.50,7658.8,54.0,15.0,32.0,2.0,4.769,56.076,56.076
2.800,4200,0.0140,0.004538,0.006638,354.82,8109.8,53.0,15.0,31.0,2.0,5.035,65.416,65.416
2.800,4200,0.0150,0.004323,0.006323,372.41,8543.5,51.0,15.0,32.0,2.0,3.877,74.422,74.422
2.800,4500,0.0070,0.007362,0.010801,218.68,4802.9,52.0,17.0,33.0,2.0,3.364,5.317,5.317
2.800,4500,0.0080,0.006617,0.009700,243.36,5398.5,52.0,16.0,33.0,2.0,1.791,9.379,9.379
2.800,4500,0.0085,0.006305,0.009239,255.36,5688.4,52.0,17.0,33.0,2.0,3.364,15.294,15.294
2.800,4500,0.0090,0.006027,0.008830,267.14,5973.1,52.0,16.0,32.0,2.0,2.542,21.108,21.108
2.800,4500,0.0095,0.005778,0.008463,278.64,6252.7,52.0,16.0,33.0,2.0,1.791,26.824,26.824
2.800,4500,0.0100,0.005553,0.008131,289.95,6527.2,51.0,16.0,34.0,2.0,2.139,32.442,32.442
2.800,4500,0.0110,0.005163,0.007557,311.86,7061.2,51.0,16.0,33.0,2.0,1.869,43.388,43.388
2.800,4500,0.0120,0.004836,0.007077,332.91,7575.8,50.0,16.0,34.0,2.0,2.624,53.959,53.959
2.800,4500,0.0130,0.004559,0.006670,353.09,8071.3,52.0,15.0,32.0,2.0,3.800,64.162,64.162
2.800,4500,0.0140,0.004322,0.006321,372.55,8548.3,53.0,15.0,32.0,2.0,4.284,74.008,74.008
2.800,4500,0.0150,0.004116,0.006019,391.14,9007.2,51.0,16.0,33.0,2.0,1.869,83.505,83.505
2.900,2800,0.0070,0.009599,0.014114,167.73,3542.9,50.0,16.0,33.0,2.0,2.354,27.720,27.720
2.900,2800,0.0080,0.008656,0.012715,186.00,3977.8,52.0,15.0,33.0,2.0,3.049,18.754,18.754
2.900,2800,0.0085,0.008264,0.012135,194.86,4189.1,53.0,16.0,32.0,2.0,3.026,14.389,14.389
2.900,2800,0.0090,0.007912,0.011613,203.50,4396.3,51.0,16.0,35.0,2.0,2.889,12.162,12.162
2.900,2800,0.0095,0.007598,0.011149,211.91,4599.5,51.0,16.0,33.0,2.0,1.869,9.981,9.981
2.900,2800,0.0100,0.007309,0.010722,220.23,4798.8,52.0,16.0,32.0,2.0,2.542,9.569,9.569
2.900,2800,0.0110,0.006812,0.009987,236.36,5185.7,50.0,16.0,33.0,2.0,2.354,9.821,9.821
2.900,2800,0.0120,0.006395,0.009372,251.77,5557.4,52.0,14.0,33.0,2.0,4.622,14.867,14.867
2.900,2800,0.0130,0.006041,0.008851,266.55,5914.4,52.0,15.0,33.0,2.0,3.049,21.518,21.518
2.900,2800,0.0140,0.005737,0.008403,280.59,6257.0,52.0,15.0,32.0,2.0,3.800,28.715,28.715
2.900,2800,0.0150,0.005474,0.008016,294.14,6585.5,51.0,17.0,33.0,2.0,3.441,35.643,35.643
2.900,3000,0.0070,0.009150,0.013448,175.91,3740.5,53.0,15.0,32.0,2.0,4.284,23.922,23.922
2.900,3000,0.0080,0.008247,0.012109,195.18,4200.5,54.0,15.0,32.0,2.0,4.769,14.474,14.474
2.900,3000,0.0085,0.007869,0.011551,204.55,4424.1,52.0,16.0,33.0,2.0,1.791,11.291,11.291
2.900,3000,0.0090,0.007533,0.011053,213.73,4643.4,52.0,16.0,33.0,2.0,1.791,8.908,8.908
2.900,3000,0.0095,0.007230,0.010605,222.68,4858.4,51.0,16.0,33.0,2.0,1.869,8.371,8.371
2.900,3000,0.0100,0.006956,0.010201,231.45,5069.4,51.0,16.0,34.0,2.0,2.139,8.415,8.415
2.900,3000,0.0110,0.006479,0.009496,248.50,5479.1,50.0,16.0,35.0,2.0,3.374,13.012,13.012
2.900,3000,0.0120,0.006081,0.008909,264.77,5873.0,52.0,16.0,33.0,2.0,1.791,20.115,20.115
2.900,3000,0.0130,0.005742,0.008409,280.41,6251.3,51.0,16.0,34.0,2.0,2.139,28.003,28.003
2.900,3000,0.0140,0.005451,0.007981,295.36,6614.6,51.0,16.0,33.0,2.0,1.869,35.601,35.601
2.900,3000,0.0150,0.005199,0.007610,309.68,6963.3,52.0,16.0,32.0,2.0,2.542,42.919,42.919
2.900,3200,0.0070,0.008756,0.012864,183.86,3933.0,52.0,14.0,31.0,1.0,18.027,20.222,20.222
2.900,3200,0.0080,0.007885,0.011574,204.18,4417.4,50.0,16.0,34.0,2.0,2.624,10.821,10.821
2.900,3200,0.0085,0.007523,0.011039,213.95,4652.9,52.0,16.0,32.0,2.0,2.542,8.232,8.232
2.900,3200,0.0090,0.007199,0.010560,223.64,4883.9,52.0,16.0,33.0,2.0,1.791,7.288,7.288
2.900,3200,0.0095,0.006907,0.010128,233.09,5110.6,51.0,16.0,33.0,2.0,1.869,8.031,8.031
2.900,3200,0.0100,0.006645,0.009742,242.32,5333.0,50.0,16.0,34.0,2.0,2.624,10.346,10.346
2.900,3200,0.0110,0.006186,0.009064,260.23,5765.0,51.0,16.0,33.0,2.0,1.869,17.432,17.432
2.900,3200,0.0120,0.005803,0.008500,277.45,6180.5,51.0,16.0,33.0,2.0,1.869,26.033,26.033
2.900,3200,0.0130,0.005478,0.008021,293.91,6579.8,51.0,15.0,34.0,2.0,3.397,34.325,34.325
2.900,3200,0.0140,0.005198,0.007609,309.73,6963.4,52.0,15.0,33.0,2.0,3.049,42.317,42.317
2.900,3200,0.0150,0.004957,0.007255,324.77,7331.7,51.0,16.0,33.0,2.0,1.869,50.015,50.015
2.900,3400,0.0070,0.008399,0.012335,191.68,4120.4,52.0,16.0,32.0,2.0,2.542,16.613,16.613
2.900,3400,0.0080,0.007562,0.011096,212.91,4628.7,52.0,15.0,33.0,1.0,14.954,7.957,14.954
2.900,3400,0.0085,0.007214,0.010581,223.18,4875.8,52.0,16.0,33.0,2.0,1.791,6.336,6.336
2.900,3400,0.0090,0.006902,0.010121,233.32,5118.4,52.0,16.0,33.0,2.0,1.791,7.505,7.505
2.900,3400,0.0095,0.006619,0.009704,243.23,5356.4,50.0,15.0,34.0,2.0,3.882,10.058,10.058
2.900,3400,0.0100,0.006366,0.009330,252.91,5589.9,50.0,16.0,33.0,2.0,2.354,13.462,13.462
2.900,3400,0.0110,0.005925,0.008680,271.68,6043.8,51.0,16.0,33.0,2.0,1.869,22.799,22.799
2.900,3400,0.0120,0.005557,0.008137,289.82,6480.4,50.0,16.0,34.0,2.0,2.624,31.808,31.808
2.900,3400,0.0130,0.005243,0.007675,307.09,6900.3,52.0,15.0,32.0,2.0,3.800,40.496,40.496
2.900,3400,0.0140,0.004975,0.007282,323.64,7303.8,52.0,16.0,33.0,2.0,1.791,48.872,48.872
2.900,3400,0.0150,0.004742,0.006938,339.55,7691.3,52.0,15.0,34.0,2.0,3.319,56.943,56.943
2.900,3600,0.0070,0.008083,0.011867,199.14,4303.0,53.0,16.0,33.0,2.0,2.276,13.088,13.088
2.900,3600,0.0080,0.007275,0.010671,221.32,4834.6,52.0,17.0,33.0,2.0,3.364,5.529,5.529
2.900,3600,0.0085,0.006936,0.010170,232.14,5093.2,51.0,16.0,33.0,2.0,1.869,6.849,6.849
2.900,3600,0.0090,0.006634,0.009726,242.68,5347.0,51.0,16.0,33.0,2.0,1.869,9.386,9.386
2.900,3600,0.0095,0.006361,0.009323,253.09,5596.0,51.0,16.0,33.0,2.0,1.869,13.289,13.289
2.900,3600,0.0100,0.006116,0.008962,263.23,5840.5,52.0,16.0,33.0,2.0,1.791,18.294,18.294
2.900,3600,0.0110,0.005692,0.008336,282.86,6315.7,51.0,16.0,33.0,2.0,1.869,28.043,28.043
2.900,3600,0.0120,0.005334,0.007810,301.82,6773.1,51.0,16.0,33.0,2.0,1.869,37.451,37.451
2.900,3600,0.0130,0.005033,0.007366,319.91,7213.1,52.0,15.0,33.0,2.0,3.049,46.526,46.526
2.900,3600,0.0140,0.004774,0.006985,337.27,7636.1,52.0,14.0,32.0,2.0,5.372,55.278,55.278
2.900,3600,0.0150,0.004550,0.006657,353.86,8042.5,52.0,15.0,31.0,2.0,4.550,63.714,63.714
2.900,3800,0.0070,0.007797,0.011443,206.50,4481.1,51.0,16.0,34.0,2.0,2.139,9.643,9.643
2.900,3800,0.0080,0.007011,0.010282,229.64,5035.5,52.0,17.0,34.0,2.0,3.634,6.070,6.070
2.900,3800,0.0085,0.006684,0.009799,240.86,5305.2,51.0,16.0,32.0,2.0,2.619,8.341,8.341
2.900,3800,0.0090,0.006394,0.009370,251.82,5570.0,50.0,16.0,34.0,2.0,2.624,12.506,12.506
2.900,3800,0.0095,0.006131,0.008984,262.64,5829.9,52.0,15.0,32.0,2.0,3.800,17.808,17.808
2.900,3800,0.0100,0.005893,0.008632,273.27,6085.0,51.0,16.0,33.0,2.0,1.869,23.018,23.018
2.900,3800,0.0110,0.005481,0.008026,293.77,6581.2,52.0,15.0,32.0,2.0,3.800,33.170,33.170
2.900,3800,0.0120,0.005136,0.007518,313.41,7058.8,53.0,15.0,31.0,2.0,5.035,42.968,42.968
2.900,3800,0.0130,0.004843,0.007088,332.36,7518.5,51.0,16.0,34.0,2.0,2.139,52.423,52.423
2.900,3800,0.0140,0.004593,0.006720,350.50,7960.6,52.0,15.0,32.0,2.0,3.800,61.543,61.543
2.900,3800,0.0150,0.004377,0.006402,367.82,8385.6,51.0,14.0,32.0,2.0,5.449,70.337,70.337
2.900,4000,0.0070,0.007538,0.011060,213.59,4654.9,54.0,16.0,32.0,2.0,3.511,6.272,6.272
2.900,4000,0.0080,0.006775,0.009933,237.64,5231.5,52.0,16.0,32.0,2.0,2.542,6.933,6.933
2.900,4000,0.0085,0.006456,0.009463,249.32,5512.1,51.0,16.0,33.0,2.0,1.869,11.121,11.121
2.900,4000,0.0090,0.006174,0.009047,260.77,5787.7,50.0,16.0,34.0,2.0,2.624,16.723,16.723
2.900,4000,0.0095,0.005919,0.008671,272.00,6058.2,52.0,15.0,32.0,2.0,3.800,22.230,22.230
2.900,4000,0.0100,0.005690,0.008333,282.95,6323.8,51.0,16.0,34.0,2.0,2.139,27.642,27.642
2.900,4000,0.0110,0.005290,0.007744,304.36,6840.4,51.0,16.0,34.0,2.0,2.139,38.187,38.187
2.900,4000,0.0120,0.004957,0.007254,324.82,7337.9,52.0,15.0,33.0,2.0,3.049,48.368,48.368
2.900,4000,0.0130,0.004673,0.006838,344.50,7816.9,51.0,15.0,34.0,2.0,3.397,58.195,58.195
2.900,4000,0.0140,0.004430,0.006480,363.41,8277.7,51.0,15.0,33.0,2.0,3.127,67.676,67.676
2.900,4000,0.0150,0.004220,0.006172,381.50,8720.9,53.0,15.0,31.0,2.0,5.035,76.820,76.820
2.900,4200,0.0070,0.007300,0.010709,220.55,4824.5,53.0,16.0,32.0,2.0,3.026,4.834,4.834
2.900,4200,0.0080,0.006559,0.009615,245.45,5423.0,51.0,16.0,33.0,2.0,1.869,9.142,9.142
2.900,4200,0.0085,0.006250,0.009159,257.59,5714.2,51.0,16.0,33.0,2.0,1.869,15.048,15.048
2.900,4200,0.0090,0.005975,0.008753,269.45,6000.3,52.0,16.0,32.0,2.0,2.542,20.853,20.853
2.900,4200,0.0095,0.005729,0.008390,281.09,6281.2,51.0,17.0,34.0,2.0,3.711,26.560,26.560
2.900,4200,0.0100,0.005505,0.008061,292.45,6557.0,52.0,16.0,33.0,2.0,1.791,32.169,32.169
2.900,4200,0.0110,0.005117,0.007490,314.64,7093.6,52.0,15.0,33.0,2.0,3.049,43.101,43.101
2.900,4200,0.0120,0.004793,0.007013,335.95,7610.6,52.0,16.0,33.0,2.0,1.791,53.658,53.658
2.900,4200,0.0130,0.004518,0.006609,356.36,8108.5,51.0,15.0,33.0,2.0,3.127,63.849,63.849
2.900,4200,0.0140,0.004282,0.006262,376.00,8587.8,52.0,14.0,32.0,2.0,5.372,73.684,73.684
2.900,4200,0.0150,0.004078,0.005963,394.73,9048.8,52.0,14.0,31.0,2.0,6.122,83.172,83.172
2.900,4500,0.0070,0.006981,0.010237,230.64,5071.7,51.0,17.0,33.0,2.0,3.441,4.930,4.930
2.900,4500,0.0080,0.006270,0.009188,256.82,5701.9,50.0,17.0,35.0,2.0,4.946,14.584,14.584
2.900,4500,0.0085,0.005973,0.008750,269.50,6008.7,51.0,15.0,33.0,2.0,3.127,20.791,20.791
2.900,4500,0.0090,0.005707,0.008359,282.09,6310.1,51.0,16.0,34.0,2.0,2.139,26.894,26.894
2.900,4500,0.0095,0.005471,0.008011,294.32,6606.2,51.0,15.0,33.0,2.0,3.127,32.894,32.894
2.900,4500,0.0100,0.005256,0.007694,306.32,6897.0,49.0,16.0,34.0,3.0,12.632,38.792,38.792
2.900,4500,0.0110,0.004884,0.007147,329.64,7462.9,51.0,16.0,34.0,2.0,2.139,50.290,50.290
2.900,4500,0.0120,0.004573,0.006690,352.09,8008.4,53.0,14.0,33.0,2.0,5.106,61.396,61.396
2.900,4500,0.0130,0.004310,0.006303,373.59,8534.0,52.0,15.0,32.0,2.0,3.800,72.122,72.122
2.900,4500,0.0140,0.004083,0.005970,394.32,9040.2,50.0,15.0,32.0,2.0,4.362,82.476,82.476
2.900,4500,0.0150,0.003887,0.005683,414.18,9527.4,53.0,15.0,30.0,2.0,5.785,92.469,92.469
3.000,2800,0.0070,0.009052,0.013302,177.86,3769.3,52.0,16.0,32.0,2.0,2.542,23.763,23.763
3.000,2800,0.0080,0.008158,0.011977,197.32,4232.9,51.0,17.0,33.0,2.0,3.441,14.358,14.358
3.000,2800,0.0085,0.007783,0.011423,206.86,4458.2,53.0,15.0,32.0,2.0,4.284,11.962,11.962
3.000,2800,0.0090,0.007449,0.010929,216.09,4679.2,52.0,15.0,33.0,2.0,3.049,10.258,10.258
3.000,2800,0.0095,0.007151,0.010489,225.14,4895.9,52.0,16.0,34.0,2.0,2.061,9.885,9.885
3.000,2800,0.0100,0.006879,0.010087,234.09,5108.5,51.0,16.0,33.0,2.0,1.869,9.526,9.526
3.000,2800,0.0110,0.006407,0.009391,251.32,5521.4,52.0,14.0,32.0,2.0,5.372,13.688,13.688
3.000,2800,0.0120,0.006011,0.008806,267.82,5918.3,50.0,15.0,34.0,2.0,3.882,20.407,20.407
3.000,2800,0.0130,0.005675,0.008312,283.68,6299.5,52.0,15.0,34.0,2.0,3.319,28.321,28.321
3.000,2800,0.0140,0.005389,0.007890,298.82,6665.6,51.0,16.0,34.0,2.0,2.139,35.947,35.947
3.000,2800,0.0150,0.005139,0.007522,313.27,7016.8,52.0,15.0,33.0,2.0,3.049,43.292,43.292
3.000,3000,0.0070,0.008637,0.012687,186.41,3974.7,51.0,15.0,32.0,2.0,3.877,19.859,19.859
3.000,3000,0.0080,0.007778,0.011415,207.00,4464.4,50.0,16.0,35.0,2.0,3.374,11.295,11.295
3.000,3000,0.0085,0.007421,0.010887,216.95,4702.5,53.0,15.0,32.0,2.0,4.284,9.120,9.120
3.000,3000,0.0090,0.007100,0.010413,226.77,4936.0,51.0,16.0,33.0,2.0,1.869,8.659,8.659
3.000,3000,0.0095,0.006813,0.009989,236.36,5165.2,51.0,16.0,34.0,2.0,2.139,8.347,8.347
3.000,3000,0.0100,0.006551,0.009602,245.77,5390.0,52.0,15.0,33.0,2.0,3.049,11.120,11.120
3.000,3000,0.0110,0.006100,0.008937,263.95,5826.8,52.0,15.0,32.0,2.0,3.800,18.002,18.002
3.000,3000,0.0120,0.005721,0.008379,281.41,6246.8,50.0,16.0,33.0,2.0,2.354,26.653,26.653
3.000,3000,0.0130,0.005399,0.007905,298.14,6650.5,52.0,16.0,33.0,2.0,1.791,34.996,34.996
3.000,3000,0.0140,0.005124,0.007501,314.23,7038.3,53.0,15.0,32.0,2.0,4.284,43.037,43.037
3.000,3000,0.0150,0.004885,0.007148,329.59,7410.5,52.0,14.0,33.0,2.0,4.622,50.785,50.785
3.000,3200,0.0070,0.008272,0.012146,194.64,4174.2,51.0,15.0,33.0,2.0,3.127,16.059,16.059
3.000,3200,0.0080,0.007443,0.010920,216.32,4689.4,51.0,16.0,35.0,2.0,2.889,8.276,8.276
3.000,3200,0.0085,0.007101,0.010415,226.77,4939.8,51.0,16.0,33.0,2.0,1.869,7.566,7.566
3.000,3200,0.0090,0.006791,0.009956,237.09,5185.7,51.0,16.0,33.0,2.0,1.869,7.817,7.817
3.000,3200,0.0095,0.006515,0.009549,247.14,5426.9,51.0,15.0,32.0,2.0,3.877,10.932,10.932
3.000,3200,0.0100,0.006263,0.009179,257.05,5663.7,50.0,16.0,34.0,2.0,2.624,14.242,14.242
3.000,3200,0.0110,0.005829,0.008539,276.23,6123.7,50.0,16.0,34.0,2.0,2.624,23.653,23.653
3.000,3200,0.0120,0.005464,0.008001,294.64,6566.3,51.0,15.0,34.0,2.0,3.397,32.735,32.735
3.000,3200,0.0130,0.005157,0.007548,312.23,6992.0,50.0,15.0,33.0,2.0,3.611,41.495,41.495
3.000,3200,0.0140,0.004892,0.007158,329.14,7401.0,52.0,14.0,33.0,2.0,4.622,49.941,49.941
3.000,3200,0.0150,0.004662,0.006821,345.32,7793.9,52.0,15.0,32.0,2.0,3.800,58.082,58.082
3.000,3400,0.0070,0.007942,0.011658,202.73,4368.1,50.0,16.0,36.0,2.0,4.124,12.358,12.358
3.000,3400,0.0080,0.007144,0.010478,225.36,4908.1,51.0,16.0,34.0,2.0,2.139,6.622,6.622
3.000,3400,0.0085,0.006813,0.009989,236.32,5170.7,52.0,15.0,32.0,2.0,3.800,7.150,7.150
3.000,3400,0.0090,0.006516,0.009551,247.14,5428.5,51.0,15.0,33.0,2.0,3.127,10.334,10.334
3.000,3400,0.0095,0.006248,0.009156,257.68,5681.5,50.0,15.0,34.0,2.0,3.882,14.265,14.265
3.000,3400,0.0100,0.006006,0.008800,268.05,5929.9,52.0,16.0,33.0,2.0,1.791,19.318,19.318
3.000,3400,0.0110,0.005588,0.008183,288.14,6412.7,53.0,15.0,33.0,2.0,3.534,29.162,29.162
3.000,3400,0.0120,0.005237,0.007667,307.45,6877.4,51.0,15.0,32.0,2.0,3.877,38.663,38.663
3.000,3400,0.0130,0.004939,0.007229,325.95,7324.4,51.0,15.0,34.0,2.0,3.397,47.831,47.831
3.000,3400,0.0140,0.004685,0.006854,343.68,7754.2,53.0,15.0,32.0,2.0,4.284,56.673,56.673
3.000,3400,0.0150,0.004464,0.006529,360.68,8167.3,52.0,14.0,32.0,2.0,5.372,65.198,65.198
3.000,3600,0.0070,0.007650,0.011226,210.45,4556.8,53.0,15.0,33.0,1.0,15.439,8.747,15.439
3.000,3600,0.0080,0.006878,0.010085,234.09,5120.9,51.0,16.0,33.0,2.0,1.869,6.356,6.356
3.000,3600,0.0085,0.006556,0.009610,245.59,5395.3,52.0,15.0,32.0,2.0,3.800,9.341,9.341
3.000,3600,0.0090,0.006269,0.009187,256.82,5664.8,51.0,15.0,33.0,2.0,3.127,13.641,13.641
3.000,3600,0.0095,0.006011,0.008806,267.91,5929.3,53.0,16.0,32.0,2.0,3.026,19.002,19.002
3.000,3600,0.0100,0.005776,0.008460,278.73,6189.0,51.0,15.0,34.0,2.0,3.397,24.271,24.271
3.000,3600,0.0110,0.005372,0.007866,299.73,6694.0,51.0,15.0,34.0,2.0,3.397,34.537,34.537
3.000,3600,0.0120,0.005033,0.007367,319.82,7180.3,53.0,15.0,32.0,2.0,4.284,44.449,44.449
3.000,3600,0.0130,0.004746,0.006944,339.23,7648.3,53.0,15.0,33.0,2.0,3.534,54.014,54.014
3.000,3600,0.0140,0.004499,0.006582,357.82,8098.4,52.0,14.0,32.0,2.0,5.372,63.243,63.243
3.000,3600,0.0150,0.004287,0.006269,375.59,8531.2,53.0,15.0,31.0,2.0,5.035,72.144,72.144
3.000,3800,0.0070,0.007384,0.010833,218.05,4740.4,52.0,16.0,32.0,2.0,2.542,6.076,6.076
3.000,3800,0.0080,0.006635,0.009727,242.59,5328.1,51.0,16.0,33.0,2.0,1.869,7.965,7.965
3.000,3800,0.0085,0.006325,0.009269,254.55,5614.1,52.0,15.0,32.0,2.0,3.800,12.382,12.382
3.000,3800,0.0090,0.006046,0.008859,266.27,5894.9,50.0,17.0,35.0,2.0,4.946,18.053,18.053
3.000,3800,0.0095,0.005796,0.008490,277.77,6170.7,50.0,16.0,35.0,2.0,3.374,23.628,23.628
3.000,3800,0.0100,0.005570,0.008157,289.05,6441.5,50.0,16.0,34.0,2.0,2.624,29.108,29.108
3.000,3800,0.0110,0.005178,0.007579,310.95,6968.2,50.0,15.0,33.0,2.0,3.611,39.787,39.787
3.000,3800,0.0120,0.004850,0.007097,331.91,7475.5,53.0,15.0,32.0,1.0,16.189,50.100,50.100
3.000,3800,0.0130,0.004572,0.006689,352.14,7964.0,51.0,16.0,33.0,2.0,1.869,60.055,60.055
3.000,3800,0.0140,0.004333,0.006338,371.50,8434.0,51.0,15.0,31.0,2.0,4.627,69.663,69.663
3.000,3800,0.0150,0.004127,0.006035,390.09,8886.1,52.0,14.0,32.0,2.0,5.372,78.931,78.931
3.000,4000,0.0070,0.007144,0.010478,225.36,4919.3,51.0,16.0,34.0,2.0,2.139,4.418,4.418
3.000,4000,0.0080,0.006418,0.009406,250.86,5529.9,52.0,15.0,32.0,2.0,3.800,10.499,10.499
3.000,4000,0.0085,0.006114,0.008959,263.27,5827.2,51.0,16.0,33.0,2.0,1.869,16.483,16.483
3.000,4000,0.0090,0.005844,0.008560,275.50,6119.2,53.0,16.0,32.0,2.0,3.026,22.367,22.367
3.000,4000,0.0095,0.005602,0.008203,287.41,6405.9,52.0,16.0,33.0,2.0,1.791,28.151,28.151
3.000,4000,0.0100,0.005382,0.007880,299.14,6687.5,52.0,15.0,33.0,2.0,3.049,33.837,33.837
3.000,4000,0.0110,0.005002,0.007321,321.86,7235.4,53.0,15.0,31.0,2.0,5.035,44.920,44.920
3.000,4000,0.0120,0.004684,0.006853,343.73,7763.4,53.0,14.0,32.0,2.0,5.857,55.625,55.625
3.000,4000,0.0130,0.004414,0.006457,364.73,8271.9,52.0,15.0,31.0,2.0,4.550,65.962,65.962
3.000,4000,0.0140,0.004183,0.006117,384.86,8761.4,52.0,14.0,31.0,2.0,6.122,75.940,75.940
3.000,4000,0.0150,0.003983,0.005824,404.18,9232.5,53.0,14.0,31.0,2.0,6.607,85.568,85.568
3.000,4200,0.0070,0.006925,0.010154,232.50,5093.6,52.0,16.0,34.0,2.0,2.061,4.929,4.929
3.000,4200,0.0080,0.006217,0.009111,258.95,5726.8,50.0,16.0,35.0,2.0,3.374,14.300,14.300
3.000,4200,0.0085,0.005923,0.008677,271.82,6035.0,52.0,15.0,33.0,2.0,3.049,20.495,20.495
3.000,4200,0.0090,0.005661,0.008290,284.36,6337.9,51.0,16.0,33.0,2.0,1.869,26.586,26.586
3.000,4200,0.0095,0.005424,0.007942,296.82,6635.3,50.0,16.0,34.0,2.0,2.624,32.575,32.575
3.000,4200,0.0100,0.005211,0.007628,308.95,6927.5,51.0,16.0,34.0,2.0,2.139,38.464,38.464
3.000,4200,0.0110,0.004841,0.007085,332.55,7496.1,52.0,16.0,33.0,2.0,1.791,49.942,49.942
3.000,4200,0.0120,0.004533,0.006631,355.18,8044.2,53.0,15.0,33.0,2.0,3.534,61.032,61.032
3.000,4200,0.0130,0.004271,0.006246,376.91,8572.4,50.0,15.0,33.0,2.0,3.611,71.743,71.743
3.000,4200,0.0140,0.004047,0.005917,397.86,9081.0,51.0,15.0,32.0,2.0,3.877,82.084,82.084
3.000,4200,0.0150,0.003852,0.005631,417.95,9570.6,51.0,14.0,32.0,2.0,5.449,92.064,92.064
3.000,4500,0.0070,0.006629,0.009718,242.82,5347.2,51.0,16.0,32.0,2.0,2.619,6.799,6.799
3.000,4500,0.0080,0.005949,0.008715,270.64,6013.0,50.0,16.0,34.0,2.0,2.624,19.854,19.854
3.000,4500,0.0085,0.005666,0.008299,284.14,6337.3,52.0,16.0,33.0,2.0,1.791,26.357,26.357
3.000,4500,0.0090,0.005414,0.007927,297.36,6656.0,53.0,16.0,33.0,2.0,2.276,32.752,32.752
3.000,4500,0.0095,0.005187,0.007592,310.41,6969.1,52.0,14.0,32.0,2.0,5.372,39.041,39.041
3.000,4500,0.0100,0.004982,0.007292,323.14,7276.6,51.0,15.0,34.0,2.0,3.397,45.224,45.224
3.000,4500,0.0110,0.004627,0.006769,347.95,7875.5,53.0,16.0,33.0,2.0,2.276,57.282,57.282
3.000,4500,0.0120,0.004330,0.006333,371.82,8453.1,51.0,15.0,32.0,2.0,3.877,68.934,68.934
3.000,4500,0.0130,0.004079,0.005965,394.68,9009.9,53.0,14.0,30.0,2.0,7.357,80.192,80.192
3.000,4500,0.0140,0.003863,0.005648,416.73,9546.4,52.0,15.0,32.0,1.0,15.704,91.064,91.064
3.000,4500,0.0150,0.003677,0.005374,437.91,10063.1,52.0,15.0,33.0,2.0,3.049,101.561,101.561
3.200,2800,0.0070,0.008081,0.011864,199.23,4248.5,52.0,15.0,33.0,2.0,3.049,15.613,15.613
3.200,2800,0.0080,0.007270,0.010665,221.45,4773.2,52.0,15.0,33.0,2.0,3.049,10.608,10.608
3.200,2800,0.0085,0.006933,0.010166,232.23,5028.3,52.0,15.0,34.0,2.0,3.319,10.200,10.200
3.200,2800,0.0090,0.006630,0.009720,242.77,5278.7,51.0,15.0,33.0,2.0,3.127,10.416,10.416
3.200,2800,0.0095,0.006358,0.009318,253.23,5524.5,51.0,15.0,33.0,2.0,3.127,12.173,12.173
3.200,2800,0.0100,0.006114,0.008959,263.36,5765.7,51.0,14.0,33.0,2.0,4.699,15.413,15.413
3.200,2800,0.0110,0.005687,0.008329,283.05,6234.4,52.0,15.0,33.0,2.0,3.049,24.388,24.388
3.200,2800,0.0120,0.005331,0.007805,302.05,6685.4,52.0,14.0,33.0,2.0,4.622,33.543,33.543
3.200,2800,0.0130,0.005028,0.007359,320.18,7119.0,52.0,14.0,33.0,2.0,4.622,42.378,42.378
3.200,2800,0.0140,0.004769,0.006978,337.59,7535.8,53.0,13.0,31.0,2.0,8.179,50.899,50.899
3.200,2800,0.0150,0.004544,0.006647,354.32,7936.1,52.0,14.0,32.0,2.0,5.372,59.115,59.115
3.200,3000,0.0070,0.007725,0.011337,208.41,4468.3,51.0,15.0,33.0,2.0,3.127,11.915,11.915
3.200,3000,0.0080,0.006945,0.010184,231.82,5021.1,52.0,15.0,33.0,2.0,3.049,8.959,8.959
3.200,3000,0.0085,0.006621,0.009705,243.18,5290.1,50.0,15.0,33.0,2.0,3.611,9.159,9.159
3.200,3000,0.0090,0.006332,0.009279,254.32,5554.1,50.0,14.0,34.0,2.0,5.454,11.780,11.780
3.200,3000,0.0095,0.006070,0.008894,265.18,5813.3,51.0,15.0,32.0,2.0,3.877,15.418,15.418
3.200,3000,0.0100,0.005835,0.008547,275.91,6067.7,52.0,15.0,33.0,2.0,3.049,20.532,20.532
3.200,3000,0.0110,0.005426,0.007944,296.73,6562.3,52.0,14.0,32.0,2.0,5.372,30.497,30.497
3.200,3000,0.0120,0.005084,0.007441,316.64,7038.5,51.0,14.0,33.0,2.0,4.699,40.119,40.119
3.200,3000,0.0130,0.004794,0.007014,335.86,7496.6,54.0,14.0,31.0,2.0,7.092,49.407,49.407
3.200,3000,0.0140,0.004545,0.006648,354.27,7937.1,53.0,14.0,32.0,2.0,5.857,58.369,58.369
3.200,3000,0.0150,0.004330,0.006332,371.86,8360.4,51.0,13.0,33.0,2.0,6.271,67.012,67.012
3.200,3200,0.0070,0.007412,0.010874,217.18,4680.9,51.0,16.0,33.0,2.0,1.869,9.029,9.029
3.200,3200,0.0080,0.006659,0.009762,241.77,5261.0,51.0,15.0,33.0,2.0,3.127,7.759,7.759
3.200,3200,0.0085,0.006347,0.009301,253.68,5543.4,49.0,15.0,35.0,2.0,5.117,10.937,10.937
3.200,3200,0.0090,0.006067,0.008889,265.36,5820.6,51.0,15.0,33.0,2.0,3.127,15.201,15.201
3.200,3200,0.0095,0.005817,0.008521,276.77,6092.8,52.0,15.0,33.0,2.0,3.049,20.646,20.646
3.200,3200,0.0100,0.005588,0.008183,288.09,6360.1,52.0,16.0,34.0,2.0,2.061,25.998,25.998
3.200,3200,0.0110,0.005196,0.007606,309.82,6879.9,51.0,15.0,33.0,2.0,3.127,36.430,36.430
3.200,3200,0.0120,0.004866,0.007121,330.82,7380.5,51.0,14.0,32.0,2.0,5.449,46.506,46.506
3.200,3200,0.0130,0.004587,0.006710,351.00,7862.4,53.0,14.0,32.0,2.0,5.857,56.235,56.235
3.200,3200,0.0140,0.004347,0.006358,370.36,8326.0,52.0,13.0,32.0,2.0,6.944,65.624,65.624
3.200,3200,0.0150,0.004140,0.006054,388.82,8771.8,52.0,14.0,32.0,2.0,5.372,74.683,74.683
3.200,3400,0.0070,0.007131,0.010459,225.77,4886.7,52.0,15.0,32.0,2.0,3.800,7.013,7.013
3.200,3400,0.0080,0.006404,0.009386,251.41,5493.4,50.0,15.0,34.0,2.0,3.882,9.667,9.667
3.200,3400,0.0085,0.006103,0.008942,263.82,5788.7,51.0,15.0,33.0,2.0,3.127,14.271,14.271
3.200,3400,0.0090,0.005832,0.008543,276.00,6078.8,51.0,15.0,33.0,2.0,3.127,20.048,20.048
3.200,3400,0.0095,0.005589,0.008185,288.05,6363.7,53.0,15.0,33.0,2.0,3.534,25.729,25.729
3.200,3400,0.0100,0.005370,0.007862,299.82,6643.4,53.0,15.0,33.0,2.0,3.534,31.313,31.313
3.200,3400,0.0110,0.004991,0.007304,322.55,7187.7,52.0,14.0,32.0,2.0,5.372,42.200,42.200
3.200,3400,0.0120,0.004672,0.006836,344.55,7712.1,52.0,14.0,33.0,2.0,4.622,52.717,52.717
3.200,3400,0.0130,0.004403,0.006441,365.68,8217.1,53.0,13.0,32.0,1.0,19.334,62.875,62.875
3.200,3400,0.0140,0.004172,0.006102,385.91,8703.3,51.0,14.0,32.0,2.0,5.449,72.682,72.682
3.200,3400,0.0150,0.003973,0.005808,405.23,9170.9,50.0,14.0,32.0,2.0,5.934,82.146,82.146
3.200,3600,0.0070,0.006879,0.010087,234.00,5086.2,50.0,15.0,34.0,2.0,3.882,5.499,5.499
3.200,3600,0.0080,0.006176,0.009050,260.68,5718.6,51.0,16.0,32.0,2.0,2.619,12.647,12.647
3.200,3600,0.0085,0.005883,0.008617,273.64,6026.6,51.0,15.0,33.0,2.0,3.127,18.758,18.758
3.200,3600,0.0090,0.005621,0.008232,286.36,6329.1,51.0,15.0,33.0,2.0,3.127,24.768,24.768
3.200,3600,0.0095,0.005387,0.007887,298.86,6626.3,51.0,15.0,34.0,2.0,3.397,30.678,30.678
3.200,3600,0.0100,0.005175,0.007575,311.14,6918.1,52.0,15.0,32.0,2.0,3.800,36.488,36.488
3.200,3600,0.0110,0.004807,0.007033,334.95,7486.2,51.0,15.0,33.0,2.0,3.127,47.818,47.818
3.200,3600,0.0120,0.004499,0.006582,357.82,8033.8,53.0,14.0,31.0,2.0,6.607,58.766,58.766
3.200,3600,0.0130,0.004239,0.006199,379.82,8561.4,51.0,13.0,32.0,2.0,7.022,69.342,69.342
3.200,3600,0.0140,0.004015,0.005871,400.95,9069.5,53.0,15.0,31.0,2.0,5.035,79.556,79.556
3.200,3600,0.0150,0.003822,0.005587,421.18,9558.5,52.0,14.0,31.0,2.0,6.122,89.415,89.415
3.200,3800,0.0070,0.006653,0.009753,242.00,5279.7,51.0,15.0,33.0,2.0,3.127,5.906,5.906
3.200,3800,0.0080,0.005969,0.008744,269.73,5937.2,51.0,16.0,34.0,2.0,2.139,16.790,16.790
3.200,3800,0.0085,0.005685,0.008327,283.18,6257.4,51.0,15.0,34.0,2.0,3.397,23.132,23.132
3.200,3800,0.0090,0.005432,0.007953,296.41,6572.0,51.0,16.0,33.0,2.0,1.869,29.368,29.368
3.200,3800,0.0095,0.005204,0.007618,309.36,6881.2,51.0,15.0,33.0,2.0,3.127,35.502,35.502
3.200,3800,0.0100,0.004999,0.007316,322.09,7184.8,52.0,15.0,33.0,2.0,3.049,41.533,41.533
3.200,3800,0.0110,0.004642,0.006791,346.86,7776.1,53.0,14.0,31.0,2.0,6.607,53.295,53.295
3.200,3800,0.0120,0.004343,0.006353,370.64,8346.2,53.0,14.0,32.0,2.0,5.857,64.663,64.663
3.200,3800,0.0130,0.004091,0.005982,393.55,8895.8,52.0,14.0,32.0,2.0,5.372,75.647,75.647
3.200,3800,0.0140,0.003875,0.005665,415.55,9425.2,52.0,14.0,31.0,2.0,6.122,86.258,86.258
3.200,3800,0.0150,0.003687,0.005389,436.68,9935.1,50.0,15.0,33.0,2.0,3.611,96.503,96.503
3.200,4000,0.0070,0.006447,0.009449,249.73,5467.6,52.0,16.0,33.0,2.0,1.791,7.842,7.842
3.200,4000,0.0080,0.005783,0.008470,278.41,6149.4,51.0,15.0,34.0,2.0,3.397,20.833,20.833
3.200,4000,0.0085,0.005508,0.008065,292.32,6481.5,52.0,15.0,33.0,2.0,3.049,27.399,27.399
3.200,4000,0.0090,0.005261,0.007701,306.05,6808.0,52.0,15.0,33.0,2.0,3.049,33.857,33.857
3.200,4000,0.0095,0.005039,0.007375,319.50,7128.7,52.0,15.0,33.0,2.0,3.049,40.209,40.209
3.200,4000,0.0100,0.004839,0.007081,332.73,7443.9,52.0,15.0,31.0,2.0,4.550,46.455,46.455
3.200,4000,0.0110,0.004493,0.006572,358.32,8057.7,52.0,15.0,32.0,2.0,3.800,58.639,58.639
3.200,4000,0.0120,0.004203,0.006146,383.09,8649.8,53.0,14.0,31.0,2.0,6.607,70.418,70.418
3.200,4000,0.0130,0.003958,0.005786,406.77,9220.8,52.0,14.0,31.0,2.0,6.122,81.801,81.801
3.200,4000,0.0140,0.003747,0.005477,429.68,9771.1,51.0,15.0,32.0,2.0,3.877,92.800,92.800
3.200,4000,0.0150,0.003565,0.005210,451.64,10301.3,51.0,14.0,32.0,2.0,5.449,103.422,103.422
3.200,4200,0.0070,0.006259,0.009172,257.23,5650.2,51.0,15.0,33.0,2.0,3.127,10.873,10.873
3.200,4200,0.0080,0.005612,0.008219,286.86,6355.6,50.0,16.0,35.0,2.0,3.374,24.781,24.781
3.200,4200,0.0085,0.005343,0.007823,301.32,6699.4,52.0,15.0,33.0,2.0,3.049,31.566,31.566
3.200,4200,0.0090,0.005103,0.007469,315.50,7037.3,53.0,15.0,32.0,2.0,4.284,38.241,38.241
3.200,4200,0.0095,0.004888,0.007153,329.36,7369.4,51.0,15.0,33.0,2.0,3.127,44.806,44.806
3.200,4200,0.0100,0.004693,0.006867,343.00,7695.8,53.0,14.0,32.0,2.0,5.857,51.263,51.263
3.200,4200,0.0110,0.004356,0.006371,369.59,8331.5,52.0,14.0,31.0,2.0,6.122,63.859,63.859
3.200,4200,0.0120,0.004074,0.005957,395.18,8945.1,52.0,14.0,32.0,2.0,5.372,76.039,76.039
3.200,4200,0.0130,0.003836,0.005608,419.73,9536.9,52.0,15.0,31.0,2.0,4.550,87.813,87.813
3.200,4200,0.0140,0.003631,0.005307,443.41,10107.6,51.0,15.0,32.0,2.0,3.877,99.191,99.191
3.200,4200,0.0150,0.003454,0.005047,466.14,10657.6,50.0,15.0,33.0,2.0,3.611,110.182,110.182
3.200,4500,0.0070,0.006007,0.008801,267.95,5914.6,52.0,16.0,33.0,2.0,1.791,15.976,15.976
3.200,4500,0.0080,0.005383,0.007881,299.09,6654.4,51.0,16.0,34.0,2.0,2.139,30.537,30.537
3.200,4500,0.0085,0.005124,0.007500,314.18,7015.1,52.0,14.0,32.0,2.0,5.372,37.643,37.643
3.200,4500,0.0090,0.004894,0.007161,329.00,7369.6,52.0,15.0,33.0,2.0,3.049,44.633,44.633
3.200,4500,0.0095,0.004685,0.006855,343.59,7718.2,52.0,15.0,33.0,2.0,3.049,51.510,51.510
3.200,4500,0.0100,0.004498,0.006580,357.91,8060.8,51.0,15.0,32.0,2.0,3.877,58.275,58.275
3.200,4500,0.0110,0.004173,0.006103,385.77,8728.5,54.0,14.0,31.0,2.0,7.092,71.473,71.473
3.200,4500,0.0120,0.003902,0.005705,412.55,9373.2,49.0,16.0,33.0,2.0,2.838,84.239,84.239
3.200,4500,0.0130,0.003672,0.005368,438.41,9995.5,52.0,15.0,32.0,2.0,3.800,96.582,96.582
3.200,4500,0.0140,0.003476,0.005079,463.23,10595.8,51.0,14.0,33.0,2.0,4.699,108.514,108.514
3.200,4500,0.0150,0.003305,0.004829,487.09,11174.6,51.0,15.0,32.0,2.0,3.877,120.044,120.044
3.400,2800,0.0070,0.007254,0.010640,222.00,4758.6,52.0,15.0,32.0,2.0,3.800,10.653,10.653
3.400,2800,0.0080,0.006513,0.009547,247.18,5349.0,50.0,16.0,33.0,2.0,2.354,10.859,10.859
3.400,2800,0.0085,0.006208,0.009096,259.41,5636.4,51.0,15.0,34.0,2.0,3.397,12.633,12.633
3.400,2800,0.0090,0.005933,0.008691,271.36,5918.6,53.0,14.0,32.0,2.0,5.857,15.628,15.628
3.400,2800,0.0095,0.005686,0.008328,283.14,6195.8,52.0,14.0,33.0,2.0,4.622,21.102,21.102
3.400,2800,0.0100,0.005464,0.008000,294.68,6467.9,54.0,14.0,32.0,2.0,6.341,26.485,26.485
3.400,2800,0.0110,0.005077,0.007431,317.09,6997.2,52.0,14.0,32.0,2.0,5.372,36.980,36.980
3.400,2800,0.0120,0.004753,0.006955,338.64,7507.2,51.0,14.0,33.0,2.0,4.699,47.120,47.120
3.400,2800,0.0130,0.004480,0.006553,359.41,7998.1,53.0,13.0,31.0,2.0,8.179,56.914,56.914
3.400,2800,0.0140,0.004245,0.006208,379.27,8470.5,52.0,13.0,32.0,2.0,6.944,66.370,66.370
3.400,2800,0.0150,0.004042,0.005910,398.32,8924.8,51.0,14.0,32.0,2.0,5.449,75.498,75.498
3.400,3000,0.0070,0.006948,0.010188,231.68,4991.0,51.0,15.0,34.0,2.0,3.397,8.990,8.990
3.400,3000,0.0080,0.006237,0.009140,258.14,5611.5,51.0,15.0,33.0,2.0,3.127,11.015,11.015
3.400,3000,0.0085,0.005942,0.008705,270.95,5913.6,50.0,15.0,33.0,2.0,3.611,15.158,15.158
3.400,3000,0.0090,0.005678,0.008316,283.55,6210.4,51.0,15.0,34.0,2.0,3.397,20.990,20.990
3.400,3000,0.0095,0.005441,0.007967,295.91,6501.9,54.0,14.0,32.0,2.0,6.341,26.726,26.726
3.400,3000,0.0100,0.005226,0.007650,308.09,6788.2,52.0,14.0,32.0,2.0,5.372,32.366,32.366
3.400,3000,0.0110,0.004854,0.007103,331.64,7345.3,53.0,13.0,31.0,2.0,8.179,43.364,43.364
3.400,3000,0.0120,0.004544,0.006647,354.27,7882.3,52.0,14.0,33.0,2.0,4.622,53.993,53.993
3.400,3000,0.0130,0.004281,0.006261,376.09,8399.5,54.0,13.0,30.0,2.0,9.414,64.263,64.263
3.400,3000,0.0140,0.004055,0.005929,397.05,8897.5,50.0,14.0,33.0,2.0,5.184,74.182,74.182
3.400,3000,0.0150,0.003860,0.005643,417.14,9376.8,51.0,14.0,32.0,2.0,5.449,83.758,83.758
3.400,3200,0.0070,0.006680,0.009794,241.00,5214.9,50.0,16.0,34.0,2.0,2.624,7.431,7.431
3.400,3200,0.0080,0.005994,0.008782,268.64,5864.4,51.0,14.0,34.0,2.0,4.969,13.907,13.907
3.400,3200,0.0085,0.005708,0.008360,282.05,6180.7,52.0,14.0,33.0,2.0,4.622,20.097,20.097
3.400,3200,0.0090,0.005453,0.007985,295.23,6491.5,54.0,14.0,33.0,2.0,5.591,26.186,26.186
3.400,3200,0.0095,0.005224,0.007648,308.18,6796.9,51.0,14.0,32.0,2.0,5.449,32.174,32.174
3.400,3200,0.0100,0.005018,0.007344,320.86,7096.9,52.0,14.0,33.0,2.0,4.622,38.063,38.063
3.400,3200,0.0110,0.004660,0.006818,345.50,7680.9,52.0,13.0,32.0,2.0,6.944,49.549,49.549
3.400,3200,0.0120,0.004359,0.006375,369.36,8244.0,51.0,15.0,33.0,2.0,3.127,60.653,60.653
3.400,3200,0.0130,0.004106,0.006004,392.14,8786.8,51.0,14.0,31.0,2.0,6.200,71.385,71.385
3.400,3200,0.0140,0.003888,0.005684,414.09,9309.6,51.0,14.0,31.0,2.0,6.200,81.753,81.753
3.400,3200,0.0150,0.003699,0.005407,435.23,9813.0,52.0,14.0,32.0,2.0,5.372,91.766,91.766
3.400,3400,0.0070,0.006440,0.009439,250.00,5430.8,50.0,15.0,34.0,2.0,3.882,7.411,7.411
3.400,3400,0.0080,0.005775,0.008459,278.77,6108.3,51.0,15.0,33.0,2.0,3.127,18.447,18.447
3.400,3400,0.0085,0.005499,0.008052,292.77,6438.4,52.0,14.0,33.0,2.0,4.622,24.889,24.889
3.400,3400,0.0090,0.005253,0.007690,306.50,6762.8,51.0,15.0,33.0,2.0,3.127,31.227,31.227
3.400,3400,0.0095,0.005031,0.007364,319.95,7081.6,51.0,14.0,33.0,2.0,4.699,37.461,37.461
3.400,3400,0.0100,0.004832,0.007071,333.23,7394.8,52.0,14.0,33.0,2.0,4.622,43.592,43.592
3.400,3400,0.0110,0.004485,0.006561,358.95,8004.8,50.0,14.0,33.0,2.0,5.184,55.552,55.552
3.400,3400,0.0120,0.004195,0.006135,383.77,8593.3,51.0,14.0,33.0,2.0,4.699,67.118,67.118
3.400,3400,0.0130,0.003950,0.005774,407.64,9160.8,53.0,14.0,32.0,2.0,5.857,78.298,78.298
3.400,3400,0.0140,0.003739,0.005466,430.50,9707.8,50.0,15.0,33.0,2.0,3.611,89.102,89.102
3.400,3400,0.0150,0.003557,0.005199,452.59,10234.6,50.0,15.0,33.0,2.0,3.611,99.539,99.539
3.400,3600,0.0070,0.006226,0.009123,258.64,5639.3,51.0,15.0,34.0,2.0,3.397,9.343,9.343
3.400,3600,0.0080,0.005581,0.008172,288.50,6343.9,53.0,14.0,32.0,2.0,5.857,22.858,22.858
3.400,3600,0.0085,0.005313,0.007778,303.05,6687.3,52.0,14.0,32.0,2.0,5.372,29.546,29.546
3.400,3600,0.0090,0.005074,0.007427,317.27,7024.8,53.0,14.0,32.0,2.0,5.857,36.126,36.126
3.400,3600,0.0095,0.004859,0.007110,331.36,7356.6,53.0,14.0,31.0,2.0,6.607,42.598,42.598
3.400,3600,0.0100,0.004665,0.006825,345.14,7682.7,52.0,15.0,32.0,2.0,3.800,48.965,48.965
3.400,3600,0.0110,0.004329,0.006331,371.91,8317.9,51.0,14.0,33.0,2.0,4.699,61.387,61.387
3.400,3600,0.0120,0.004048,0.005919,397.64,8931.0,52.0,14.0,31.0,2.0,6.122,73.401,73.401
3.400,3600,0.0130,0.003810,0.005569,422.55,9522.4,50.0,14.0,31.0,2.0,6.684,85.017,85.017
3.400,3600,0.0140,0.003607,0.005271,446.36,10092.7,52.0,14.0,31.0,2.0,6.122,96.245,96.245
3.400,3600,0.0150,0.003430,0.005012,469.41,10642.4,51.0,14.0,32.0,2.0,5.449,107.095,107.095
3.400,3800,0.0070,0.006032,0.008837,266.91,5840.9,52.0,15.0,34.0,2.0,3.319,12.957,12.957
3.400,3800,0.0080,0.005404,0.007912,297.91,6571.7,50.0,15.0,34.0,2.0,3.882,27.151,27.151
3.400,3800,0.0085,0.005145,0.007530,312.95,6928.0,52.0,14.0,33.0,2.0,4.622,34.077,34.077
3.400,3800,0.0090,0.004912,0.007188,327.77,7278.3,51.0,14.0,33.0,2.0,4.699,40.892,40.892
3.400,3800,0.0095,0.004703,0.006881,342.32,7622.6,52.0,14.0,32.0,2.0,5.372,47.597,47.597
3.400,3800,0.0100,0.004514,0.006604,356.59,7961.1,53.0,15.0,31.0,2.0,5.035,54.193,54.193
3.400,3800,0.0110,0.004189,0.006125,384.36,8620.7,53.0,13.0,31.0,2.0,8.179,67.064,67.064
3.400,3800,0.0120,0.003916,0.005725,411.14,9257.7,50.0,14.0,32.0,2.0,5.934,79.515,79.515
3.400,3800,0.0130,0.003685,0.005386,436.91,9872.4,51.0,14.0,32.0,2.0,5.449,91.557,91.557
3.400,3800,0.0140,0.003487,0.005096,461.73,10465.4,52.0,14.0,32.0,2.0,5.372,103.198,103.198
3.400,3800,0.0150,0.003315,0.004844,485.64,11037.2,51.0,14.0,32.0,2.0,5.449,114.450,114.450
3.400,4000,0.0070,0.005856,0.008577,274.95,6035.9,51.0,15.0,34.0,2.0,3.397,16.663,16.663
3.400,4000,0.0080,0.005244,0.007677,306.95,6792.2,51.0,13.0,33.0,2.0,6.271,31.331,31.331
3.400,4000,0.0085,0.004992,0.007305,322.50,7160.9,53.0,14.0,32.0,2.0,5.857,38.491,38.491
3.400,4000,0.0090,0.004765,0.006973,337.86,7523.6,53.0,14.0,32.0,2.0,5.857,45.535,45.535
3.400,4000,0.0095,0.004562,0.006674,352.91,7880.1,52.0,14.0,33.0,2.0,4.622,52.467,52.467
3.400,4000,0.0100,0.004379,0.006405,367.59,8230.7,51.0,14.0,33.0,2.0,4.699,59.286,59.286
3.400,4000,0.0110,0.004061,0.005939,396.36,8914.0,52.0,13.0,31.0,2.0,7.694,72.595,72.595
3.400,4000,0.0120,0.003796,0.005549,424.14,9574.1,51.0,14.0,32.0,2.0,5.449,85.472,85.472
3.400,4000,0.0130,0.003571,0.005219,450.82,10211.4,51.0,13.0,31.0,2.0,7.772,97.928,97.928
3.400,4000,0.0140,0.003379,0.004937,476.50,10826.5,52.0,14.0,32.0,2.0,5.372,109.973,109.973
3.400,4000,0.0150,0.003212,0.004693,501.23,11419.8,49.0,15.0,34.0,2.0,4.366,121.617,121.617
3.400,4200,0.0070,0.005695,0.008340,282.73,6224.9,52.0,15.0,33.0,2.0,3.049,20.277,20.277
3.400,4200,0.0080,0.005099,0.007463,315.77,7005.7,54.0,14.0,31.0,2.0,7.092,35.408,35.408
3.400,4200,0.0085,0.004852,0.007100,331.82,7386.6,52.0,15.0,33.0,2.0,3.049,42.795,42.795
3.400,4200,0.0090,0.004632,0.006777,347.55,7761.2,53.0,14.0,32.0,1.0,17.761,50.063,50.063
3.400,4200,0.0095,0.004434,0.006486,363.09,8129.6,52.0,14.0,32.0,2.0,5.372,57.216,57.216
3.400,4200,0.0100,0.004256,0.006224,378.32,8491.9,52.0,14.0,33.0,2.0,4.622,64.253,64.253
3.400,4200,0.0110,0.003946,0.005769,408.00,9198.3,52.0,14.0,32.0,1.0,17.277,77.989,77.989
3.400,4200,0.0120,0.003687,0.005389,436.59,9880.8,50.0,15.0,33.0,2.0,3.611,91.282,91.282
3.400,4200,0.0130,0.003468,0.005068,464.27,10540.1,53.0,14.0,31.0,2.0,6.607,104.143,104.143
3.400,4200,0.0140,0.003280,0.004793,490.82,11176.6,51.0,15.0,32.0,2.0,3.877,116.582,116.582
3.400,4200,0.0150,0.003118,0.004555,516.36,11790.9,51.0,14.0,32.0,2.0,5.449,128.608,128.608
3.400,4500,0.0070,0.005479,0.008022,293.86,6497.6,52.0,16.0,33.0,2.0,1.791,25.536,25.536
3.400,4500,0.0080,0.004904,0.007176,328.32,7314.1,53.0,15.0,32.0,2.0,4.284,41.342,41.342
3.400,4500,0.0085,0.004666,0.006827,345.09,7712.5,53.0,15.0,33.0,2.0,3.534,49.059,49.059
3.400,4500,0.0090,0.004453,0.006513,361.59,8104.4,51.0,14.0,32.0,1.0,17.354,56.654,56.654
3.400,4500,0.0095,0.004262,0.006233,377.77,8490.0,52.0,15.0,32.0,2.0,3.800,64.128,64.128
3.400,4500,0.0100,0.004089,0.005979,393.77,8869.2,51.0,14.0,32.0,2.0,5.449,71.484,71.484
3.400,4500,0.0110,0.003790,0.005541,424.73,9608.8,49.0,15.0,33.0,2.0,4.096,85.842,85.842
3.400,4500,0.0120,0.003541,0.005175,454.68,10324.0,51.0,15.0,32.0,2.0,3.877,99.741,99.741
3.400,4500,0.0130,0.003329,0.004864,483.59,11015.1,51.0,14.0,33.0,2.0,4.699,113.192,113.192
3.400,4500,0.0140,0.003148,0.004599,511.36,11682.7,49.0,15.0,33.0,2.0,4.096,126.204,126.204
3.400,4500,0.0150,0.002992,0.004369,538.18,12327.3,51.0,15.0,33.0,2.0,3.127,138.789,138.789
