staff,auto,gate,unt,p_child,arr_d,untreated,treated,adult,child,mape_t5,mape_f8,desv_unt,desv_tre,desv_ad,desv_ch
0,false,0.007471,0.010982,0.0500,198.05,48.00,15.00,30.00,2.00,6.832,8.73,-6.94,-5.66,-9.96,-4.76
0,false,0.007471,0.011628,0.0500,198.05,50.00,15.00,30.00,2.00,5.862,8.73,-3.06,-5.66,-9.96,-4.76
0,false,0.007471,0.012274,0.0500,198.05,53.00,15.00,30.00,2.00,5.785,8.73,2.75,-5.66,-9.96,-4.76
0,false,0.007471,0.012920,0.0500,198.05,56.00,15.00,30.00,2.00,7.239,8.73,8.57,-5.66,-9.96,-4.76
0,false,0.007471,0.013566,0.0500,198.05,59.00,15.00,30.00,2.00,8.693,8.73,14.39,-5.66,-9.96,-4.76
0,false,0.007471,0.014212,0.0500,198.05,61.00,15.00,30.00,2.00,9.662,8.73,18.26,-5.66,-9.96,-4.76
0,false,0.007911,0.010982,0.0500,198.05,47.00,16.00,32.00,2.00,4.558,8.73,-8.88,0.63,-3.96,-4.76
0,false,0.007911,0.011628,0.0500,198.05,50.00,16.00,32.00,2.00,3.104,8.73,-3.06,0.63,-3.96,-4.76
0,false,0.007911,0.012274,0.0500,198.05,53.00,16.00,32.00,2.00,3.026,8.73,2.75,0.63,-3.96,-4.76
0,false,0.007911,0.012920,0.0500,198.05,56.00,16.00,32.00,2.00,4.480,8.73,8.57,0.63,-3.96,-4.76
0,false,0.007911,0.013566,0.0500,198.05,58.00,16.00,32.00,2.00,5.450,8.73,12.45,0.63,-3.96,-4.76
0,false,0.007911,0.014212,0.0500,198.05,61.00,16.00,32.00,2.00,6.904,8.73,18.26,0.63,-3.96,-4.76
0,false,0.008350,0.010982,0.0500,198.05,48.00,17.00,34.00,2.00,5.165,8.73,-6.94,6.92,2.04,-4.76
0,false,0.008350,0.011628,0.0500,198.05,51.00,17.00,34.00,2.00,3.711,8.73,-1.12,6.92,2.04,-4.76
0,false,0.008350,0.012274,0.0500,198.05,54.00,17.00,34.00,2.00,4.603,8.73,4.69,6.92,2.04,-4.76
0,false,0.008350,0.012920,0.0500,198.05,57.00,17.00,34.00,2.00,6.057,8.73,10.51,6.92,2.04,-4.76
0,false,0.008350,0.013566,0.0500,198.05,60.00,17.00,34.00,2.00,7.511,8.73,16.32,6.92,2.04,-4.76
0,false,0.008350,0.014212,0.0500,198.05,62.00,17.00,34.00,2.00,8.481,8.73,20.20,6.92,2.04,-4.76
0,false,0.008790,0.010982,0.0500,198.05,48.00,18.00,35.00,2.00,7.488,8.73,-6.94,13.21,5.04,-4.76
0,false,0.008790,0.011628,0.0500,198.05,51.00,18.00,35.00,2.00,6.034,8.73,-1.12,13.21,5.04,-4.76
0,false,0.008790,0.012274,0.0500,198.05,54.00,18.00,35.00,2.00,6.926,8.73,4.69,13.21,5.04,-4.76
0,false,0.008790,0.012920,0.0500,198.05,57.00,18.00,35.00,2.00,8.380,8.73,10.51,13.21,5.04,-4.76
0,false,0.008790,0.013566,0.0500,198.05,60.00,18.00,35.00,2.00,9.834,8.73,16.32,13.21,5.04,-4.76
0,false,0.008790,0.014212,0.0500,198.05,63.00,18.00,35.00,2.00,11.288,8.73,22.14,13.21,5.04,-4.76
0,false,0.009229,0.010982,0.0500,198.05,47.00,19.00,38.00,2.00,11.796,8.73,-8.88,19.50,14.05,-4.76
0,false,0.009229,0.011628,0.0500,198.05,50.00,19.00,38.00,2.00,10.342,8.73,-3.06,19.50,14.05,-4.76
0,false,0.009229,0.012274,0.0500,198.05,53.00,19.00,38.00,2.00,10.264,8.73,2.75,19.50,14.05,-4.76
0,false,0.009229,0.012920,0.0500,198.05,56.00,19.00,38.00,2.00,11.718,8.73,8.57,19.50,14.05,-4.76
0,false,0.009229,0.013566,0.0500,198.05,59.00,19.00,38.00,2.00,13.172,8.73,14.39,19.50,14.05,-4.76
0,false,0.009229,0.014212,0.0500,198.05,62.00,19.00,38.00,2.00,14.627,8.73,20.20,19.50,14.05,-4.76
0,false,0.009669,0.010982,0.0500,198.00,48.00,20.00,39.00,2.00,13.634,8.73,-6.94,25.79,17.05,-4.76
0,false,0.009669,0.011628,0.0500,198.00,50.00,20.00,39.00,2.00,12.665,8.73,-3.06,25.79,17.05,-4.76
0,false,0.009669,0.012274,0.0500,198.00,53.00,20.00,39.00,2.00,12.587,8.73,2.75,25.79,17.05,-4.76
0,false,0.009669,0.012920,0.0500,198.00,56.00,20.00,39.00,2.00,14.041,8.73,8.57,25.79,17.05,-4.76
0,false,0.009669,0.013566,0.0500,198.00,59.00,20.00,39.00,2.00,15.495,8.73,14.39,25.79,17.05,-4.76
0,false,0.009669,0.014212,0.0500,198.00,62.00,20.00,39.00,2.00,16.949,8.73,20.20,25.79,17.05,-4.76
0,false,0.007471,0.010982,0.0550,198.05,48.00,15.00,30.00,2.00,6.832,8.73,-6.94,-5.66,-9.96,-4.76
0,false,0.007471,0.011628,0.0550,198.05,50.00,15.00,30.00,2.00,5.862,8.73,-3.06,-5.66,-9.96,-4.76
0,false,0.007471,0.012274,0.0550,198.05,53.00,15.00,30.00,2.00,5.785,8.73,2.75,-5.66,-9.96,-4.76
0,false,0.007471,0.012920,0.0550,198.05,56.00,15.00,30.00,2.00,7.239,8.73,8.57,-5.66,-9.96,-4.76
0,false,0.007471,0.013566,0.0550,198.05,59.00,15.00,30.00,2.00,8.693,8.73,14.39,-5.66,-9.96,-4.76
0,false,0.007471,0.014212,0.0550,198.05,61.00,15.00,30.00,2.00,9.662,8.73,18.26,-5.66,-9.96,-4.76
0,false,0.007911,0.010982,0.0550,198.05,47.00,16.00,32.00,2.00,4.558,8.73,-8.88,0.63,-3.96,-4.76
0,false,0.007911,0.011628,0.0550,198.05,50.00,16.00,32.00,2.00,3.104,8.73,-3.06,0.63,-3.96,-4.76
0,false,0.007911,0.012274,0.0550,198.05,53.00,16.00,32.00,2.00,3.026,8.73,2.75,0.63,-3.96,-4.76
0,false,0.007911,0.012920,0.0550,198.05,56.00,16.00,32.00,2.00,4.480,8.73,8.57,0.63,-3.96,-4.76
0,false,0.007911,0.013566,0.0550,198.05,58.00,16.00,32.00,2.00,5.450,8.73,12.45,0.63,-3.96,-4.76
0,false,0.007911,0.014212,0.0550,198.05,61.00,16.00,32.00,2.00,6.904,8.73,18.26,0.63,-3.96,-4.76
0,false,0.008350,0.010982,0.0550,198.05,48.00,17.00,34.00,2.00,5.165,8.73,-6.94,6.92,2.04,-4.76
0,false,0.008350,0.011628,0.0550,198.05,51.00,17.00,34.00,2.00,3.711,8.73,-1.12,6.92,2.04,-4.76
0,false,0.008350,0.012274,0.0550,198.05,54.00,17.00,34.00,2.00,4.603,8.73,4.69,6.92,2.04,-4.76
0,false,0.008350,0.012920,0.0550,198.05,57.00,17.00,34.00,2.00,6.057,8.73,10.51,6.92,2.04,-4.76
0,false,0.008350,0.013566,0.0550,198.05,60.00,17.00,34.00,2.00,7.511,8.73,16.32,6.92,2.04,-4.76
0,false,0.008350,0.014212,0.0550,198.05,62.00,17.00,34.00,2.00,8.481,8.73,20.20,6.92,2.04,-4.76
0,false,0.008790,0.010982,0.0550,198.05,48.00,18.00,35.00,2.00,7.488,8.73,-6.94,13.21,5.04,-4.76
0,false,0.008790,0.011628,0.0550,198.05,51.00,18.00,35.00,2.00,6.034,8.73,-1.12,13.21,5.04,-4.76
0,false,0.008790,0.012274,0.0550,198.05,54.00,18.00,35.00,2.00,6.926,8.73,4.69,13.21,5.04,-4.76
0,false,0.008790,0.012920,0.0550,198.05,57.00,18.00,35.00,2.00,8.380,8.73,10.51,13.21,5.04,-4.76
0,false,0.008790,0.013566,0.0550,198.05,60.00,18.00,35.00,2.00,9.834,8.73,16.32,13.21,5.04,-4.76
0,false,0.008790,0.014212,0.0550,198.05,63.00,18.00,35.00,2.00,11.288,8.73,22.14,13.21,5.04,-4.76
0,false,0.009229,0.010982,0.0550,198.05,47.00,19.00,37.00,2.00,11.046,8.73,-8.88,19.50,11.04,-4.76
0,false,0.009229,0.011628,0.0550,198.05,50.00,19.00,37.00,2.00,9.592,8.73,-3.06,19.50,11.04,-4.76
0,false,0.009229,0.012274,0.0550,198.05,53.00,19.00,37.00,2.00,9.514,8.73,2.75,19.50,11.04,-4.76
0,false,0.009229,0.012920,0.0550,198.05,56.00,19.00,37.00,2.00,10.968,8.73,8.57,19.50,11.04,-4.76
0,false,0.009229,0.013566,0.0550,198.05,59.00,19.00,37.00,2.00,12.422,8.73,14.39,19.50,11.04,-4.76
0,false,0.009229,0.014212,0.0550,198.05,62.00,19.00,37.00,2.00,13.876,8.73,20.20,19.50,11.04,-4.76
0,false,0.009669,0.010982,0.0550,198.00,48.00,20.00,39.00,2.00,13.634,8.73,-6.94,25.79,17.05,-4.76
0,false,0.009669,0.011628,0.0550,198.00,50.00,20.00,39.00,2.00,12.665,8.73,-3.06,25.79,17.05,-4.76
0,false,0.009669,0.012274,0.0550,198.00,53.00,20.00,39.00,2.00,12.587,8.73,2.75,25.79,17.05,-4.76
0,false,0.009669,0.012920,0.0550,198.00,56.00,20.00,39.00,2.00,14.041,8.73,8.57,25.79,17.05,-4.76
0,false,0.009669,0.013566,0.0550,198.00,59.00,20.00,39.00,2.00,15.495,8.73,14.39,25.79,17.05,-4.76
0,false,0.009669,0.014212,0.0550,198.00,62.00,20.00,39.00,2.00,16.949,8.73,20.20,25.79,17.05,-4.76
0,false,0.007471,0.010982,0.0590,198.05,48.00,15.00,30.00,2.00,6.832,8.73,-6.94,-5.66,-9.96,-4.76
0,false,0.007471,0.011628,0.0590,198.05,50.00,15.00,30.00,2.00,5.862,8.73,-3.06,-5.66,-9.96,-4.76
0,false,0.007471,0.012274,0.0590,198.05,53.00,15.00,30.00,2.00,5.785,8.73,2.75,-5.66,-9.96,-4.76
0,false,0.007471,0.012920,0.0590,198.05,56.00,15.00,30.00,2.00,7.239,8.73,8.57,-5.66,-9.96,-4.76
0,false,0.007471,0.013566,0.0590,198.05,59.00,15.00,30.00,2.00,8.693,8.73,14.39,-5.66,-9.96,-4.76
0,false,0.007471,0.014212,0.0590,198.05,61.00,15.00,30.00,2.00,9.662,8.73,18.26,-5.66,-9.96,-4.76
0,false,0.007911,0.010982,0.0590,198.05,47.00,16.00,32.00,2.00,4.558,8.73,-8.88,0.63,-3.96,-4.76
0,false,0.007911,0.011628,0.0590,198.05,50.00,16.00,32.00,2.00,3.104,8.73,-3.06,0.63,-3.96,-4.76
0,false,0.007911,0.012274,0.0590,198.05,53.00,16.00,32.00,2.00,3.026,8.73,2.75,0.63,-3.96,-4.76
0,false,0.007911,0.012920,0.0590,198.05,56.00,16.00,32.00,2.00,4.480,8.73,8.57,0.63,-3.96,-4.76
0,false,0.007911,0.013566,0.0590,198.05,58.00,16.00,32.00,2.00,5.450,8.73,12.45,0.63,-3.96,-4.76
0,false,0.007911,0.014212,0.0590,198.05,61.00,16.00,32.00,2.00,6.904,8.73,18.26,0.63,-3.96,-4.76
0,false,0.008350,0.010982,0.0590,198.05,48.00,17.00,34.00,2.00,5.165,8.73,-6.94,6.92,2.04,-4.76
0,false,0.008350,0.011628,0.0590,198.05,51.00,17.00,34.00,2.00,3.711,8.73,-1.12,6.92,2.04,-4.76
0,false,0.008350,0.012274,0.0590,198.05,54.00,17.00,34.00,2.00,4.603,8.73,4.69,6.92,2.04,-4.76
0,false,0.008350,0.012920,0.0590,198.05,57.00,17.00,34.00,2.00,6.057,8.73,10.51,6.92,2.04,-4.76
0,false,0.008350,0.013566,0.0590,198.05,60.00,17.00,34.00,2.00,7.511,8.73,16.32,6.92,2.04,-4.76
0,false,0.008350,0.014212,0.0590,198.05,62.00,17.00,34.00,2.00,8.481,8.73,20.20,6.92,2.04,-4.76
0,false,0.008790,0.010982,0.0590,198.05,48.00,18.00,35.00,2.00,7.488,8.73,-6.94,13.21,5.04,-4.76
0,false,0.008790,0.011628,0.0590,198.05,51.00,18.00,35.00,2.00,6.034,8.73,-1.12,13.21,5.04,-4.76
0,false,0.008790,0.012274,0.0590,198.05,54.00,18.00,35.00,2.00,6.926,8.73,4.69,13.21,5.04,-4.76
0,false,0.008790,0.012920,0.0590,198.05,57.00,18.00,35.00,2.00,8.380,8.73,10.51,13.21,5.04,-4.76
0,false,0.008790,0.013566,0.0590,198.05,60.00,18.00,35.00,2.00,9.834,8.73,16.32,13.21,5.04,-4.76
0,false,0.008790,0.014212,0.0590,198.05,63.00,18.00,35.00,2.00,11.288,8.73,22.14,13.21,5.04,-4.76
0,false,0.009229,0.010982,0.0590,198.05,47.00,19.00,37.00,2.00,11.046,8.73,-8.88,19.50,11.04,-4.76
0,false,0.009229,0.011628,0.0590,198.05,50.00,19.00,37.00,2.00,9.592,8.73,-3.06,19.50,11.04,-4.76
0,false,0.009229,0.012274,0.0590,198.05,53.00,19.00,37.00,2.00,9.514,8.73,2.75,19.50,11.04,-4.76
0,false,0.009229,0.012920,0.0590,198.05,56.00,19.00,37.00,2.00,10.968,8.73,8.57,19.50,11.04,-4.76
0,false,0.009229,0.013566,0.0590,198.05,59.00,19.00,37.00,2.00,12.422,8.73,14.39,19.50,11.04,-4.76
0,false,0.009229,0.014212,0.0590,198.05,62.00,19.00,37.00,2.00,13.876,8.73,20.20,19.50,11.04,-4.76
0,false,0.009669,0.010982,0.0590,198.00,48.00,20.00,39.00,3.00,23.158,8.73,-6.94,25.79,17.05,42.86
0,false,0.009669,0.011628,0.0590,198.00,50.00,20.00,39.00,3.00,22.188,8.73,-3.06,25.79,17.05,42.86
0,false,0.009669,0.012274,0.0590,198.00,53.00,20.00,39.00,3.00,22.111,8.73,2.75,25.79,17.05,42.86
0,false,0.009669,0.012920,0.0590,198.00,56.00,20.00,39.00,3.00,23.565,8.73,8.57,25.79,17.05,42.86
0,false,0.009669,0.013566,0.0590,198.00,59.00,20.00,39.00,3.00,25.019,8.73,14.39,25.79,17.05,42.86
0,false,0.009669,0.014212,0.0590,198.00,62.00,20.00,39.00,3.00,26.473,8.73,20.20,25.79,17.05,42.86
0,false,0.007471,0.010982,0.0620,198.05,48.00,15.00,30.00,2.00,6.832,8.73,-6.94,-5.66,-9.96,-4.76
0,false,0.007471,0.011628,0.0620,198.05,50.00,15.00,30.00,2.00,5.862,8.73,-3.06,-5.66,-9.96,-4.76
0,false,0.007471,0.012274,0.0620,198.05,53.00,15.00,30.00,2.00,5.785,8.73,2.75,-5.66,-9.96,-4.76
0,false,0.007471,0.012920,0.0620,198.05,56.00,15.00,30.00,2.00,7.239,8.73,8.57,-5.66,-9.96,-4.76
0,false,0.007471,0.013566,0.0620,198.05,59.00,15.00,30.00,2.00,8.693,8.73,14.39,-5.66,-9.96,-4.76
0,false,0.007471,0.014212,0.0620,198.05,61.00,15.00,30.00,2.00,9.662,8.73,18.26,-5.66,-9.96,-4.76
0,false,0.007911,0.010982,0.0620,198.05,47.00,16.00,32.00,2.00,4.558,8.73,-8.88,0.63,-3.96,-4.76
0,false,0.007911,0.011628,0.0620,198.05,50.00,16.00,32.00,2.00,3.104,8.73,-3.06,0.63,-3.96,-4.76
0,false,0.007911,0.012274,0.0620,198.05,53.00,16.00,32.00,2.00,3.026,8.73,2.75,0.63,-3.96,-4.76
0,false,0.007911,0.012920,0.0620,198.05,56.00,16.00,32.00,2.00,4.480,8.73,8.57,0.63,-3.96,-4.76
0,false,0.007911,0.013566,0.0620,198.05,58.00,16.00,32.00,2.00,5.450,8.73,12.45,0.63,-3.96,-4.76
0,false,0.007911,0.014212,0.0620,198.05,61.00,16.00,32.00,2.00,6.904,8.73,18.26,0.63,-3.96,-4.76
0,false,0.008350,0.010982,0.0620,198.05,48.00,17.00,34.00,2.00,5.165,8.73,-6.94,6.92,2.04,-4.76
0,false,0.008350,0.011628,0.0620,198.05,51.00,17.00,34.00,2.00,3.711,8.73,-1.12,6.92,2.04,-4.76
0,false,0.008350,0.012274,0.0620,198.05,54.00,17.00,34.00,2.00,4.603,8.73,4.69,6.92,2.04,-4.76
0,false,0.008350,0.012920,0.0620,198.05,57.00,17.00,34.00,2.00,6.057,8.73,10.51,6.92,2.04,-4.76
0,false,0.008350,0.013566,0.0620,198.05,60.00,17.00,34.00,2.00,7.511,8.73,16.32,6.92,2.04,-4.76
0,false,0.008350,0.014212,0.0620,198.05,62.00,17.00,34.00,2.00,8.481,8.73,20.20,6.92,2.04,-4.76
0,false,0.008790,0.010982,0.0620,198.05,48.00,18.00,35.00,2.00,7.488,8.73,-6.94,13.21,5.04,-4.76
0,false,0.008790,0.011628,0.0620,198.05,51.00,18.00,35.00,2.00,6.034,8.73,-1.12,13.21,5.04,-4.76
0,false,0.008790,0.012274,0.0620,198.05,54.00,18.00,35.00,2.00,6.926,8.73,4.69,13.21,5.04,-4.76
0,false,0.008790,0.012920,0.0620,198.05,57.00,18.00,35.00,2.00,8.380,8.73,10.51,13.21,5.04,-4.76
0,false,0.008790,0.013566,0.0620,198.05,60.00,18.00,35.00,2.00,9.834,8.73,16.32,13.21,5.04,-4.76
0,false,0.008790,0.014212,0.0620,198.05,63.00,18.00,35.00,2.00,11.288,8.73,22.14,13.21,5.04,-4.76
0,false,0.009229,0.010982,0.0620,198.05,47.00,19.00,37.00,2.00,11.046,8.73,-8.88,19.50,11.04,-4.76
0,false,0.009229,0.011628,0.0620,198.05,50.00,19.00,37.00,2.00,9.592,8.73,-3.06,19.50,11.04,-4.76
0,false,0.009229,0.012274,0.0620,198.05,53.00,19.00,37.00,2.00,9.514,8.73,2.75,19.50,11.04,-4.76
0,false,0.009229,0.012920,0.0620,198.05,56.00,19.00,37.00,2.00,10.968,8.73,8.57,19.50,11.04,-4.76
0,false,0.009229,0.013566,0.0620,198.05,59.00,19.00,37.00,2.00,12.422,8.73,14.39,19.50,11.04,-4.76
0,false,0.009229,0.014212,0.0620,198.05,62.00,19.00,37.00,2.00,13.876,8.73,20.20,19.50,11.04,-4.76
0,false,0.009669,0.010982,0.0620,198.00,48.00,20.00,39.00,3.00,23.158,8.73,-6.94,25.79,17.05,42.86
0,false,0.009669,0.011628,0.0620,198.00,50.00,20.00,39.00,3.00,22.188,8.73,-3.06,25.79,17.05,42.86
0,false,0.009669,0.012274,0.0620,198.00,53.00,20.00,39.00,3.00,22.111,8.73,2.75,25.79,17.05,42.86
0,false,0.009669,0.012920,0.0620,198.00,56.00,20.00,39.00,3.00,23.565,8.73,8.57,25.79,17.05,42.86
0,false,0.009669,0.013566,0.0620,198.00,59.00,20.00,39.00,3.00,25.019,8.73,14.39,25.79,17.05,42.86
0,false,0.009669,0.014212,0.0620,198.00,62.00,20.00,39.00,3.00,26.473,8.73,20.20,25.79,17.05,42.86
0,false,0.007471,0.010982,0.0650,198.05,48.00,15.00,29.00,2.00,7.582,8.73,-6.94,-5.66,-12.97,-4.76
0,false,0.007471,0.011628,0.0650,198.05,50.00,15.00,29.00,2.00,6.613,8.73,-3.06,-5.66,-12.97,-4.76
0,false,0.007471,0.012274,0.0650,198.05,53.00,15.00,29.00,2.00,6.535,8.73,2.75,-5.66,-12.97,-4.76
0,false,0.007471,0.012920,0.0650,198.05,56.00,15.00,29.00,2.00,7.989,8.73,8.57,-5.66,-12.97,-4.76
0,false,0.007471,0.013566,0.0650,198.05,59.00,15.00,29.00,2.00,9.443,8.73,14.39,-5.66,-12.97,-4.76
0,false,0.007471,0.014212,0.0650,198.05,61.00,15.00,29.00,2.00,10.413,8.73,18.26,-5.66,-12.97,-4.76
0,false,0.007911,0.010982,0.0650,198.05,47.00,16.00,32.00,2.00,4.558,8.73,-8.88,0.63,-3.96,-4.76
0,false,0.007911,0.011628,0.0650,198.05,50.00,16.00,32.00,2.00,3.104,8.73,-3.06,0.63,-3.96,-4.76
0,false,0.007911,0.012274,0.0650,198.05,53.00,16.00,32.00,2.00,3.026,8.73,2.75,0.63,-3.96,-4.76
0,false,0.007911,0.012920,0.0650,198.05,56.00,16.00,32.00,2.00,4.480,8.73,8.57,0.63,-3.96,-4.76
0,false,0.007911,0.013566,0.0650,198.05,58.00,16.00,32.00,2.00,5.450,8.73,12.45,0.63,-3.96,-4.76
0,false,0.007911,0.014212,0.0650,198.05,61.00,16.00,32.00,2.00,6.904,8.73,18.26,0.63,-3.96,-4.76
0,false,0.008350,0.010982,0.0650,198.05,48.00,17.00,34.00,2.00,5.165,8.73,-6.94,6.92,2.04,-4.76
0,false,0.008350,0.011628,0.0650,198.05,51.00,17.00,34.00,2.00,3.711,8.73,-1.12,6.92,2.04,-4.76
0,false,0.008350,0.012274,0.0650,198.05,54.00,17.00,34.00,2.00,4.603,8.73,4.69,6.92,2.04,-4.76
0,false,0.008350,0.012920,0.0650,198.05,57.00,17.00,34.00,2.00,6.057,8.73,10.51,6.92,2.04,-4.76
0,false,0.008350,0.013566,0.0650,198.05,60.00,17.00,34.00,2.00,7.511,8.73,16.32,6.92,2.04,-4.76
0,false,0.008350,0.014212,0.0650,198.05,62.00,17.00,34.00,2.00,8.481,8.73,20.20,6.92,2.04,-4.76
0,false,0.008790,0.010982,0.0650,198.05,48.00,18.00,35.00,2.00,7.488,8.73,-6.94,13.21,5.04,-4.76
0,false,0.008790,0.011628,0.0650,198.05,51.00,18.00,35.00,2.00,6.034,8.73,-1.12,13.21,5.04,-4.76
0,false,0.008790,0.012274,0.0650,198.05,54.00,18.00,35.00,2.00,6.926,8.73,4.69,13.21,5.04,-4.76
0,false,0.008790,0.012920,0.0650,198.05,57.00,18.00,35.00,2.00,8.380,8.73,10.51,13.21,5.04,-4.76
0,false,0.008790,0.013566,0.0650,198.05,60.00,18.00,35.00,2.00,9.834,8.73,16.32,13.21,5.04,-4.76
0,false,0.008790,0.014212,0.0650,198.05,63.00,18.00,35.00,2.00,11.288,8.73,22.14,13.21,5.04,-4.76
0,false,0.009229,0.010982,0.0650,198.05,47.00,19.00,37.00,2.00,11.046,8.73,-8.88,19.50,11.04,-4.76
0,false,0.009229,0.011628,0.0650,198.05,50.00,19.00,37.00,2.00,9.592,8.73,-3.06,19.50,11.04,-4.76
0,false,0.009229,0.012274,0.0650,198.05,53.00,19.00,37.00,2.00,9.514,8.73,2.75,19.50,11.04,-4.76
0,false,0.009229,0.012920,0.0650,198.05,56.00,19.00,37.00,2.00,10.968,8.73,8.57,19.50,11.04,-4.76
0,false,0.009229,0.013566,0.0650,198.05,59.00,19.00,37.00,2.00,12.422,8.73,14.39,19.50,11.04,-4.76
0,false,0.009229,0.014212,0.0650,198.05,62.00,19.00,37.00,2.00,13.876,8.73,20.20,19.50,11.04,-4.76
0,false,0.009669,0.010982,0.0650,198.00,48.00,20.00,39.00,3.00,23.158,8.73,-6.94,25.79,17.05,42.86
0,false,0.009669,0.011628,0.0650,198.00,50.00,20.00,39.00,3.00,22.188,8.73,-3.06,25.79,17.05,42.86
0,false,0.009669,0.012274,0.0650,198.00,53.00,20.00,39.00,3.00,22.111,8.73,2.75,25.79,17.05,42.86
0,false,0.009669,0.012920,0.0650,198.00,56.00,20.00,39.00,3.00,23.565,8.73,8.57,25.79,17.05,42.86
0,false,0.009669,0.013566,0.0650,198.00,59.00,20.00,39.00,3.00,25.019,8.73,14.39,25.79,17.05,42.86
0,false,0.009669,0.014212,0.0650,198.00,62.00,20.00,39.00,3.00,26.473,8.73,20.20,25.79,17.05,42.86
0,false,0.007471,0.010982,0.0700,198.05,48.00,15.00,29.00,2.00,7.582,8.73,-6.94,-5.66,-12.97,-4.76
0,false,0.007471,0.011628,0.0700,198.05,50.00,15.00,29.00,2.00,6.613,8.73,-3.06,-5.66,-12.97,-4.76
0,false,0.007471,0.012274,0.0700,198.05,53.00,15.00,29.00,2.00,6.535,8.73,2.75,-5.66,-12.97,-4.76
0,false,0.007471,0.012920,0.0700,198.05,56.00,15.00,29.00,2.00,7.989,8.73,8.57,-5.66,-12.97,-4.76
0,false,0.007471,0.013566,0.0700,198.05,59.00,15.00,29.00,2.00,9.443,8.73,14.39,-5.66,-12.97,-4.76
0,false,0.007471,0.014212,0.0700,198.05,61.00,15.00,29.00,2.00,10.413,8.73,18.26,-5.66,-12.97,-4.76
0,false,0.007911,0.010982,0.0700,198.05,47.00,16.00,32.00,2.00,4.558,8.73,-8.88,0.63,-3.96,-4.76
0,false,0.007911,0.011628,0.0700,198.05,50.00,16.00,32.00,2.00,3.104,8.73,-3.06,0.63,-3.96,-4.76
0,false,0.007911,0.012274,0.0700,198.05,53.00,16.00,32.00,2.00,3.026,8.73,2.75,0.63,-3.96,-4.76
0,false,0.007911,0.012920,0.0700,198.05,56.00,16.00,32.00,2.00,4.480,8.73,8.57,0.63,-3.96,-4.76
0,false,0.007911,0.013566,0.0700,198.05,58.00,16.00,32.00,2.00,5.450,8.73,12.45,0.63,-3.96,-4.76
0,false,0.007911,0.014212,0.0700,198.05,61.00,16.00,32.00,2.00,6.904,8.73,18.26,0.63,-3.96,-4.76
0,false,0.008350,0.010982,0.0700,198.05,48.00,17.00,33.00,2.00,4.895,8.73,-6.94,6.92,-0.96,-4.76
0,false,0.008350,0.011628,0.0700,198.05,51.00,17.00,33.00,2.00,3.441,8.73,-1.12,6.92,-0.96,-4.76
0,false,0.008350,0.012274,0.0700,198.05,54.00,17.00,33.00,2.00,4.333,8.73,4.69,6.92,-0.96,-4.76
0,false,0.008350,0.012920,0.0700,198.05,57.00,17.00,33.00,2.00,5.787,8.73,10.51,6.92,-0.96,-4.76
0,false,0.008350,0.013566,0.0700,198.05,60.00,17.00,33.00,2.00,7.241,8.73,16.32,6.92,-0.96,-4.76
0,false,0.008350,0.014212,0.0700,198.05,62.00,17.00,33.00,2.00,8.211,8.73,20.20,6.92,-0.96,-4.76
0,false,0.008790,0.010982,0.0700,198.05,48.00,18.00,34.00,2.00,6.738,8.73,-6.94,13.21,2.04,-4.76
0,false,0.008790,0.011628,0.0700,198.05,51.00,18.00,34.00,2.00,5.284,8.73,-1.12,13.21,2.04,-4.76
0,false,0.008790,0.012274,0.0700,198.05,54.00,18.00,34.00,2.00,6.176,8.73,4.69,13.21,2.04,-4.76
0,false,0.008790,0.012920,0.0700,198.05,57.00,18.00,34.00,2.00,7.630,8.73,10.51,13.21,2.04,-4.76
0,false,0.008790,0.013566,0.0700,198.05,60.00,18.00,34.00,2.00,9.084,8.73,16.32,13.21,2.04,-4.76
0,false,0.008790,0.014212,0.0700,198.05,63.00,18.00,34.00,2.00,10.538,8.73,22.14,13.21,2.04,-4.76
0,false,0.009229,0.010982,0.0700,198.05,47.00,19.00,37.00,3.00,20.569,8.73,-8.88,19.50,11.04,42.86
0,false,0.009229,0.011628,0.0700,198.05,50.00,19.00,37.00,3.00,19.115,8.73,-3.06,19.50,11.04,42.86
0,false,0.009229,0.012274,0.0700,198.05,53.00,19.00,37.00,3.00,19.038,8.73,2.75,19.50,11.04,42.86
0,false,0.009229,0.012920,0.0700,198.05,56.00,19.00,37.00,3.00,20.492,8.73,8.57,19.50,11.04,42.86
0,false,0.009229,0.013566,0.0700,198.05,59.00,19.00,37.00,3.00,21.946,8.73,14.39,19.50,11.04,42.86
0,false,0.009229,0.014212,0.0700,198.05,62.00,19.00,37.00,3.00,23.400,8.73,20.20,19.50,11.04,42.86
0,false,0.009669,0.010982,0.0700,198.00,48.00,20.00,39.00,3.00,23.158,8.73,-6.94,25.79,17.05,42.86
0,false,0.009669,0.011628,0.0700,198.00,50.00,20.00,39.00,3.00,22.188,8.73,-3.06,25.79,17.05,42.86
0,false,0.009669,0.012274,0.0700,198.00,53.00,20.00,39.00,3.00,22.111,8.73,2.75,25.79,17.05,42.86
0,false,0.009669,0.012920,0.0700,198.00,56.00,20.00,39.00,3.00,23.565,8.73,8.57,25.79,17.05,42.86
0,false,0.009669,0.013566,0.0700,198.00,59.00,20.00,39.00,3.00,25.019,8.73,14.39,25.79,17.05,42.86
0,false,0.009669,0.014212,0.0700,198.00,62.00,20.00,39.00,3.00,26.473,8.73,20.20,25.79,17.05,42.86
0,true,0.008010,0.011759,0.0500,198.05,51.00,17.00,33.00,2.00,3.441,8.73,-1.12,6.92,-0.96,-4.76
0,true,0.008010,0.011759,0.0550,198.05,51.00,17.00,33.00,2.00,3.441,8.73,-1.12,6.92,-0.96,-4.76
0,true,0.008010,0.011759,0.0590,198.05,51.00,17.00,33.00,2.00,3.441,8.73,-1.12,6.92,-0.96,-4.76
0,true,0.008010,0.011759,0.0620,198.05,51.00,17.00,33.00,2.00,3.441,8.73,-1.12,6.92,-0.96,-4.76
0,true,0.008010,0.011759,0.0650,198.05,51.00,17.00,33.00,2.00,3.441,8.73,-1.12,6.92,-0.96,-4.76
0,true,0.008010,0.011759,0.0700,198.05,51.00,17.00,32.00,2.00,4.192,8.73,-1.12,6.92,-3.96,-4.76
1.5,false,0.007471,0.010982,0.0500,199.55,48.00,15.00,31.00,2.00,6.081,8.73,-6.94,-5.66,-6.96,-4.76
1.5,false,0.007471,0.011628,0.0500,199.55,51.00,15.00,31.00,2.00,4.627,8.73,-1.12,-5.66,-6.96,-4.76
1.5,false,0.007471,0.012274,0.0500,199.55,53.00,15.00,31.00,2.00,5.035,8.73,2.75,-5.66,-6.96,-4.76
1.5,false,0.007471,0.012920,0.0500,199.55,56.00,15.00,31.00,2.00,6.489,8.73,8.57,-5.66,-6.96,-4.76
1.5,false,0.007471,0.013566,0.0500,199.55,60.00,15.00,31.00,2.00,8.427,8.73,16.32,-5.66,-6.96,-4.76
1.5,false,0.007471,0.014212,0.0500,199.55,62.00,15.00,31.00,2.00,9.397,8.73,20.20,-5.66,-6.96,-4.76
1.5,false,0.007911,0.010982,0.0500,199.55,48.00,16.00,33.00,2.00,3.323,8.73,-6.94,0.63,-0.96,-4.76
1.5,false,0.007911,0.011628,0.0500,199.55,51.00,16.00,33.00,2.00,1.869,8.73,-1.12,0.63,-0.96,-4.76
1.5,false,0.007911,0.012274,0.0500,199.55,53.00,16.00,33.00,2.00,2.276,8.73,2.75,0.63,-0.96,-4.76
1.5,false,0.007911,0.012920,0.0500,199.55,56.00,16.00,33.00,2.00,3.730,8.73,8.57,0.63,-0.96,-4.76
1.5,false,0.007911,0.013566,0.0500,199.55,59.00,16.00,33.00,2.00,5.184,8.73,14.39,0.63,-0.96,-4.76
1.5,false,0.007911,0.014212,0.0500,199.55,62.00,16.00,33.00,2.00,6.638,8.73,20.20,0.63,-0.96,-4.76
1.5,false,0.008350,0.010982,0.0500,199.55,48.00,17.00,34.00,1.00,17.070,8.73,-6.94,6.92,2.04,-52.38
1.5,false,0.008350,0.011628,0.0500,199.55,52.00,17.00,34.00,1.00,15.539,8.73,0.81,6.92,2.04,-52.38
1.5,false,0.008350,0.012274,0.0500,199.55,54.00,17.00,34.00,1.00,16.508,8.73,4.69,6.92,2.04,-52.38
1.5,false,0.008350,0.012920,0.0500,199.55,57.00,17.00,34.00,1.00,17.962,8.73,10.51,6.92,2.04,-52.38
1.5,false,0.008350,0.013566,0.0500,199.55,60.00,17.00,34.00,1.00,19.416,8.73,16.32,6.92,2.04,-52.38
1.5,false,0.008350,0.014212,0.0500,199.55,63.00,17.00,34.00,1.00,20.870,8.73,22.14,6.92,2.04,-52.38
1.5,false,0.008790,0.010982,0.0500,199.55,48.00,18.00,36.00,2.00,8.238,8.73,-6.94,13.21,8.04,-4.76
1.5,false,0.008790,0.011628,0.0500,199.55,51.00,18.00,36.00,2.00,6.784,8.73,-1.12,13.21,8.04,-4.76
1.5,false,0.008790,0.012274,0.0500,199.55,54.00,18.00,36.00,2.00,7.676,8.73,4.69,13.21,8.04,-4.76
1.5,false,0.008790,0.012920,0.0500,199.55,56.00,18.00,36.00,2.00,8.645,8.73,8.57,13.21,8.04,-4.76
1.5,false,0.008790,0.013566,0.0500,199.55,60.00,18.00,36.00,2.00,10.584,8.73,16.32,13.21,8.04,-4.76
1.5,false,0.008790,0.014212,0.0500,199.55,62.00,18.00,36.00,2.00,11.554,8.73,20.20,13.21,8.04,-4.76
1.5,false,0.009229,0.010982,0.0500,199.55,48.00,18.00,38.00,2.00,9.739,8.73,-6.94,13.21,14.05,-4.76
1.5,false,0.009229,0.011628,0.0500,199.55,51.00,18.00,38.00,2.00,8.285,8.73,-1.12,13.21,14.05,-4.76
1.5,false,0.009229,0.012274,0.0500,199.55,53.00,18.00,38.00,2.00,8.692,8.73,2.75,13.21,14.05,-4.76
1.5,false,0.009229,0.012920,0.0500,199.55,56.00,18.00,38.00,2.00,10.146,8.73,8.57,13.21,14.05,-4.76
1.5,false,0.009229,0.013566,0.0500,199.55,60.00,18.00,38.00,2.00,12.085,8.73,16.32,13.21,14.05,-4.76
1.5,false,0.009229,0.014212,0.0500,199.55,63.00,18.00,38.00,2.00,13.539,8.73,22.14,13.21,14.05,-4.76
1.5,false,0.009669,0.010982,0.0500,199.55,49.00,19.00,39.00,2.00,11.577,8.73,-5.00,19.50,17.05,-4.76
1.5,false,0.009669,0.011628,0.0500,199.55,51.00,19.00,39.00,2.00,10.608,8.73,-1.12,19.50,17.05,-4.76
1.5,false,0.009669,0.012274,0.0500,199.55,54.00,19.00,39.00,2.00,11.499,8.73,4.69,19.50,17.05,-4.76
1.5,false,0.009669,0.012920,0.0500,199.55,57.00,19.00,39.00,2.00,12.953,8.73,10.51,19.50,17.05,-4.76
1.5,false,0.009669,0.013566,0.0500,199.55,61.00,19.00,39.00,2.00,14.892,8.73,18.26,19.50,17.05,-4.76
1.5,false,0.009669,0.014212,0.0500,199.55,64.00,19.00,39.00,2.00,16.346,8.73,24.08,19.50,17.05,-4.76
1.5,false,0.007471,0.010982,0.0550,199.55,48.00,15.00,30.00,2.00,6.832,8.73,-6.94,-5.66,-9.96,-4.76
1.5,false,0.007471,0.011628,0.0550,199.55,51.00,15.00,30.00,2.00,5.378,8.73,-1.12,-5.66,-9.96,-4.76
1.5,false,0.007471,0.012274,0.0550,199.55,53.00,15.00,30.00,2.00,5.785,8.73,2.75,-5.66,-9.96,-4.76
1.5,false,0.007471,0.012920,0.0550,199.55,56.00,15.00,30.00,2.00,7.239,8.73,8.57,-5.66,-9.96,-4.76
1.5,false,0.007471,0.013566,0.0550,199.55,60.00,15.00,30.00,2.00,9.178,8.73,16.32,-5.66,-9.96,-4.76
1.5,false,0.007471,0.014212,0.0550,199.55,62.00,15.00,30.00,2.00,10.147,8.73,20.20,-5.66,-9.96,-4.76
1.5,false,0.007911,0.010982,0.0550,199.55,48.00,16.00,33.00,2.00,3.323,8.73,-6.94,0.63,-0.96,-4.76
1.5,false,0.007911,0.011628,0.0550,199.55,51.00,16.00,33.00,2.00,1.869,8.73,-1.12,0.63,-0.96,-4.76
1.5,false,0.007911,0.012274,0.0550,199.55,53.00,16.00,33.00,2.00,2.276,8.73,2.75,0.63,-0.96,-4.76
1.5,false,0.007911,0.012920,0.0550,199.55,56.00,16.00,33.00,2.00,3.730,8.73,8.57,0.63,-0.96,-4.76
1.5,false,0.007911,0.013566,0.0550,199.55,59.00,16.00,33.00,2.00,5.184,8.73,14.39,0.63,-0.96,-4.76
1.5,false,0.007911,0.014212,0.0550,199.55,62.00,16.00,33.00,2.00,6.638,8.73,20.20,0.63,-0.96,-4.76
1.5,false,0.008350,0.010982,0.0550,199.55,48.00,17.00,34.00,2.00,5.165,8.73,-6.94,6.92,2.04,-4.76
1.5,false,0.008350,0.011628,0.0550,199.55,52.00,17.00,34.00,2.00,3.634,8.73,0.81,6.92,2.04,-4.76
1.5,false,0.008350,0.012274,0.0550,199.55,54.00,17.00,34.00,2.00,4.603,8.73,4.69,6.92,2.04,-4.76
1.5,false,0.008350,0.012920,0.0550,199.55,57.00,17.00,34.00,2.00,6.057,8.73,10.51,6.92,2.04,-4.76
1.5,false,0.008350,0.013566,0.0550,199.55,60.00,17.00,34.00,2.00,7.511,8.73,16.32,6.92,2.04,-4.76
1.5,false,0.008350,0.014212,0.0550,199.55,63.00,17.00,34.00,2.00,8.965,8.73,22.14,6.92,2.04,-4.76
1.5,false,0.008790,0.010982,0.0550,199.55,48.00,18.00,35.00,2.00,7.488,8.73,-6.94,13.21,5.04,-4.76
1.5,false,0.008790,0.011628,0.0550,199.55,51.00,18.00,35.00,2.00,6.034,8.73,-1.12,13.21,5.04,-4.76
1.5,false,0.008790,0.012274,0.0550,199.55,54.00,18.00,35.00,2.00,6.926,8.73,4.69,13.21,5.04,-4.76
1.5,false,0.008790,0.012920,0.0550,199.55,56.00,18.00,35.00,2.00,7.895,8.73,8.57,13.21,5.04,-4.76
1.5,false,0.008790,0.013566,0.0550,199.55,60.00,18.00,35.00,2.00,9.834,8.73,16.32,13.21,5.04,-4.76
1.5,false,0.008790,0.014212,0.0550,199.55,62.00,18.00,35.00,2.00,10.803,8.73,20.20,13.21,5.04,-4.76
1.5,false,0.009229,0.010982,0.0550,199.55,48.00,18.00,37.00,2.00,8.989,8.73,-6.94,13.21,11.04,-4.76
1.5,false,0.009229,0.011628,0.0550,199.55,51.00,18.00,37.00,2.00,7.535,8.73,-1.12,13.21,11.04,-4.76
1.5,false,0.009229,0.012274,0.0550,199.55,53.00,18.00,37.00,2.00,7.942,8.73,2.75,13.21,11.04,-4.76
1.5,false,0.009229,0.012920,0.0550,199.55,56.00,18.00,37.00,2.00,9.396,8.73,8.57,13.21,11.04,-4.76
1.5,false,0.009229,0.013566,0.0550,199.55,60.00,18.00,37.00,2.00,11.335,8.73,16.32,13.21,11.04,-4.76
1.5,false,0.009229,0.014212,0.0550,199.55,63.00,18.00,37.00,2.00,12.789,8.73,22.14,13.21,11.04,-4.76
1.5,false,0.009669,0.010982,0.0550,199.55,49.00,19.00,39.00,2.00,11.577,8.73,-5.00,19.50,17.05,-4.76
1.5,false,0.009669,0.011628,0.0550,199.55,51.00,19.00,39.00,2.00,10.608,8.73,-1.12,19.50,17.05,-4.76
1.5,false,0.009669,0.012274,0.0550,199.55,54.00,19.00,39.00,2.00,11.499,8.73,4.69,19.50,17.05,-4.76
1.5,false,0.009669,0.012920,0.0550,199.55,57.00,19.00,39.00,2.00,12.953,8.73,10.51,19.50,17.05,-4.76
1.5,false,0.009669,0.013566,0.0550,199.55,61.00,19.00,39.00,2.00,14.892,8.73,18.26,19.50,17.05,-4.76
1.5,false,0.009669,0.014212,0.0550,199.55,64.00,19.00,39.00,2.00,16.346,8.73,24.08,19.50,17.05,-4.76
1.5,false,0.007471,0.010982,0.0590,199.55,48.00,15.00,30.00,2.00,6.832,8.73,-6.94,-5.66,-9.96,-4.76
1.5,false,0.007471,0.011628,0.0590,199.55,51.00,15.00,30.00,2.00,5.378,8.73,-1.12,-5.66,-9.96,-4.76
1.5,false,0.007471,0.012274,0.0590,199.55,53.00,15.00,30.00,2.00,5.785,8.73,2.75,-5.66,-9.96,-4.76
1.5,false,0.007471,0.012920,0.0590,199.55,56.00,15.00,30.00,2.00,7.239,8.73,8.57,-5.66,-9.96,-4.76
1.5,false,0.007471,0.013566,0.0590,199.55,60.00,15.00,30.00,2.00,9.178,8.73,16.32,-5.66,-9.96,-4.76
1.5,false,0.007471,0.014212,0.0590,199.55,62.00,15.00,30.00,2.00,10.147,8.73,20.20,-5.66,-9.96,-4.76
1.5,false,0.007911,0.010982,0.0590,199.55,48.00,16.00,33.00,2.00,3.323,8.73,-6.94,0.63,-0.96,-4.76
1.5,false,0.007911,0.011628,0.0590,199.55,51.00,16.00,33.00,2.00,1.869,8.73,-1.12,0.63,-0.96,-4.76
1.5,false,0.007911,0.012274,0.0590,199.55,53.00,16.00,33.00,2.00,2.276,8.73,2.75,0.63,-0.96,-4.76
1.5,false,0.007911,0.012920,0.0590,199.55,56.00,16.00,33.00,2.00,3.730,8.73,8.57,0.63,-0.96,-4.76
1.5,false,0.007911,0.013566,0.0590,199.55,59.00,16.00,33.00,2.00,5.184,8.73,14.39,0.63,-0.96,-4.76
1.5,false,0.007911,0.014212,0.0590,199.55,62.00,16.00,33.00,2.00,6.638,8.73,20.20,0.63,-0.96,-4.76
1.5,false,0.008350,0.010982,0.0590,199.55,48.00,17.00,34.00,2.00,5.165,8.73,-6.94,6.92,2.04,-4.76
1.5,false,0.008350,0.011628,0.0590,199.55,52.00,17.00,34.00,2.00,3.634,8.73,0.81,6.92,2.04,-4.76
1.5,false,0.008350,0.012274,0.0590,199.55,54.00,17.00,34.00,2.00,4.603,8.73,4.69,6.92,2.04,-4.76
1.5,false,0.008350,0.012920,0.0590,199.55,57.00,17.00,34.00,2.00,6.057,8.73,10.51,6.92,2.04,-4.76
1.5,false,0.008350,0.013566,0.0590,199.55,60.00,17.00,34.00,2.00,7.511,8.73,16.32,6.92,2.04,-4.76
1.5,false,0.008350,0.014212,0.0590,199.55,63.00,17.00,34.00,2.00,8.965,8.73,22.14,6.92,2.04,-4.76
1.5,false,0.008790,0.010982,0.0590,199.55,48.00,18.00,35.00,2.00,7.488,8.73,-6.94,13.21,5.04,-4.76
1.5,false,0.008790,0.011628,0.0590,199.55,51.00,18.00,35.00,2.00,6.034,8.73,-1.12,13.21,5.04,-4.76
1.5,false,0.008790,0.012274,0.0590,199.55,54.00,18.00,35.00,2.00,6.926,8.73,4.69,13.21,5.04,-4.76
1.5,false,0.008790,0.012920,0.0590,199.55,56.00,18.00,35.00,2.00,7.895,8.73,8.57,13.21,5.04,-4.76
1.5,false,0.008790,0.013566,0.0590,199.55,60.00,18.00,35.00,2.00,9.834,8.73,16.32,13.21,5.04,-4.76
1.5,false,0.008790,0.014212,0.0590,199.55,62.00,18.00,35.00,2.00,10.803,8.73,20.20,13.21,5.04,-4.76
1.5,false,0.009229,0.010982,0.0590,199.55,48.00,18.00,37.00,2.00,8.989,8.73,-6.94,13.21,11.04,-4.76
1.5,false,0.009229,0.011628,0.0590,199.55,51.00,18.00,37.00,2.00,7.535,8.73,-1.12,13.21,11.04,-4.76
1.5,false,0.009229,0.012274,0.0590,199.55,53.00,18.00,37.00,2.00,7.942,8.73,2.75,13.21,11.04,-4.76
1.5,false,0.009229,0.012920,0.0590,199.55,56.00,18.00,37.00,2.00,9.396,8.73,8.57,13.21,11.04,-4.76
1.5,false,0.009229,0.013566,0.0590,199.55,60.00,18.00,37.00,2.00,11.335,8.73,16.32,13.21,11.04,-4.76
1.5,false,0.009229,0.014212,0.0590,199.55,63.00,18.00,37.00,2.00,12.789,8.73,22.14,13.21,11.04,-4.76
1.5,false,0.009669,0.010982,0.0590,199.55,49.00,19.00,39.00,2.00,11.577,8.73,-5.00,19.50,17.05,-4.76
1.5,false,0.009669,0.011628,0.0590,199.55,51.00,19.00,39.00,2.00,10.608,8.73,-1.12,19.50,17.05,-4.76
1.5,false,0.009669,0.012274,0.0590,199.55,54.00,19.00,39.00,2.00,11.499,8.73,4.69,19.50,17.05,-4.76
1.5,false,0.009669,0.012920,0.0590,199.55,57.00,19.00,39.00,2.00,12.953,8.73,10.51,19.50,17.05,-4.76
1.5,false,0.009669,0.013566,0.0590,199.55,61.00,19.00,39.00,2.00,14.892,8.73,18.26,19.50,17.05,-4.76
1.5,false,0.009669,0.014212,0.0590,199.55,64.00,19.00,39.00,2.00,16.346,8.73,24.08,19.50,17.05,-4.76
1.5,false,0.007471,0.010982,0.0620,199.55,48.00,16.00,30.00,2.00,5.574,8.73,-6.94,0.63,-9.96,-4.76
1.5,false,0.007471,0.011628,0.0620,199.55,51.00,16.00,30.00,2.00,4.120,8.73,-1.12,0.63,-9.96,-4.76
1.5,false,0.007471,0.012274,0.0620,199.55,53.00,16.00,30.00,2.00,4.527,8.73,2.75,0.63,-9.96,-4.76
1.5,false,0.007471,0.012920,0.0620,199.55,56.00,16.00,30.00,2.00,5.981,8.73,8.57,0.63,-9.96,-4.76
1.5,false,0.007471,0.013566,0.0620,199.55,60.00,16.00,30.00,2.00,7.920,8.73,16.32,0.63,-9.96,-4.76
1.5,false,0.007471,0.014212,0.0620,199.55,62.00,16.00,30.00,2.00,8.889,8.73,20.20,0.63,-9.96,-4.76
1.5,false,0.007911,0.010982,0.0620,199.55,48.00,17.00,32.00,2.00,5.646,8.73,-6.94,6.92,-3.96,-4.76
1.5,false,0.007911,0.011628,0.0620,199.55,51.00,17.00,32.00,2.00,4.192,8.73,-1.12,6.92,-3.96,-4.76
1.5,false,0.007911,0.012274,0.0620,199.55,53.00,17.00,32.00,2.00,4.599,8.73,2.75,6.92,-3.96,-4.76
1.5,false,0.007911,0.012920,0.0620,199.55,56.00,17.00,32.00,2.00,6.053,8.73,8.57,6.92,-3.96,-4.76
1.5,false,0.007911,0.013566,0.0620,199.55,59.00,17.00,32.00,2.00,7.507,8.73,14.39,6.92,-3.96,-4.76
1.5,false,0.007911,0.014212,0.0620,199.55,62.00,17.00,32.00,2.00,8.961,8.73,20.20,6.92,-3.96,-4.76
1.5,false,0.008350,0.010982,0.0620,199.55,48.00,17.00,34.00,2.00,5.165,8.73,-6.94,6.92,2.04,-4.76
1.5,false,0.008350,0.011628,0.0620,199.55,52.00,17.00,34.00,2.00,3.634,8.73,0.81,6.92,2.04,-4.76
1.5,false,0.008350,0.012274,0.0620,199.55,54.00,17.00,34.00,2.00,4.603,8.73,4.69,6.92,2.04,-4.76
1.5,false,0.008350,0.012920,0.0620,199.55,57.00,17.00,34.00,2.00,6.057,8.73,10.51,6.92,2.04,-4.76
1.5,false,0.008350,0.013566,0.0620,199.55,60.00,17.00,34.00,2.00,7.511,8.73,16.32,6.92,2.04,-4.76
1.5,false,0.008350,0.014212,0.0620,199.55,63.00,17.00,34.00,2.00,8.965,8.73,22.14,6.92,2.04,-4.76
1.5,false,0.008790,0.010982,0.0620,199.55,48.00,18.00,35.00,2.00,7.488,8.73,-6.94,13.21,5.04,-4.76
1.5,false,0.008790,0.011628,0.0620,199.55,51.00,18.00,35.00,2.00,6.034,8.73,-1.12,13.21,5.04,-4.76
1.5,false,0.008790,0.012274,0.0620,199.55,54.00,18.00,35.00,2.00,6.926,8.73,4.69,13.21,5.04,-4.76
1.5,false,0.008790,0.012920,0.0620,199.55,56.00,18.00,35.00,2.00,7.895,8.73,8.57,13.21,5.04,-4.76
1.5,false,0.008790,0.013566,0.0620,199.55,60.00,18.00,35.00,2.00,9.834,8.73,16.32,13.21,5.04,-4.76
1.5,false,0.008790,0.014212,0.0620,199.55,62.00,18.00,35.00,2.00,10.803,8.73,20.20,13.21,5.04,-4.76
1.5,false,0.009229,0.010982,0.0620,199.55,48.00,18.00,37.00,2.00,8.989,8.73,-6.94,13.21,11.04,-4.76
1.5,false,0.009229,0.011628,0.0620,199.55,51.00,18.00,37.00,2.00,7.535,8.73,-1.12,13.21,11.04,-4.76
1.5,false,0.009229,0.012274,0.0620,199.55,53.00,18.00,37.00,2.00,7.942,8.73,2.75,13.21,11.04,-4.76
1.5,false,0.009229,0.012920,0.0620,199.55,56.00,18.00,37.00,2.00,9.396,8.73,8.57,13.21,11.04,-4.76
1.5,false,0.009229,0.013566,0.0620,199.55,60.00,18.00,37.00,2.00,11.335,8.73,16.32,13.21,11.04,-4.76
1.5,false,0.009229,0.014212,0.0620,199.55,63.00,18.00,37.00,2.00,12.789,8.73,22.14,13.21,11.04,-4.76
1.5,false,0.009669,0.010982,0.0620,199.55,49.00,19.00,39.00,2.00,11.577,8.73,-5.00,19.50,17.05,-4.76
1.5,false,0.009669,0.011628,0.0620,199.55,51.00,19.00,39.00,2.00,10.608,8.73,-1.12,19.50,17.05,-4.76
1.5,false,0.009669,0.012274,0.0620,199.55,54.00,19.00,39.00,2.00,11.499,8.73,4.69,19.50,17.05,-4.76
1.5,false,0.009669,0.012920,0.0620,199.55,57.00,19.00,39.00,2.00,12.953,8.73,10.51,19.50,17.05,-4.76
1.5,false,0.009669,0.013566,0.0620,199.55,61.00,19.00,39.00,2.00,14.892,8.73,18.26,19.50,17.05,-4.76
1.5,false,0.009669,0.014212,0.0620,199.55,64.00,19.00,39.00,2.00,16.346,8.73,24.08,19.50,17.05,-4.76
1.5,false,0.007471,0.010982,0.0650,199.55,48.00,16.00,30.00,2.00,5.574,8.73,-6.94,0.63,-9.96,-4.76
1.5,false,0.007471,0.011628,0.0650,199.55,51.00,16.00,30.00,2.00,4.120,8.73,-1.12,0.63,-9.96,-4.76
1.5,false,0.007471,0.012274,0.0650,199.55,53.00,16.00,30.00,2.00,4.527,8.73,2.75,0.63,-9.96,-4.76
1.5,false,0.007471,0.012920,0.0650,199.55,56.00,16.00,30.00,2.00,5.981,8.73,8.57,0.63,-9.96,-4.76
1.5,false,0.007471,0.013566,0.0650,199.55,60.00,16.00,30.00,2.00,7.920,8.73,16.32,0.63,-9.96,-4.76
1.5,false,0.007471,0.014212,0.0650,199.55,62.00,16.00,30.00,2.00,8.889,8.73,20.20,0.63,-9.96,-4.76
1.5,false,0.007911,0.010982,0.0650,199.55,48.00,17.00,32.00,2.00,5.646,8.73,-6.94,6.92,-3.96,-4.76
1.5,false,0.007911,0.011628,0.0650,199.55,51.00,17.00,32.00,2.00,4.192,8.73,-1.12,6.92,-3.96,-4.76
1.5,false,0.007911,0.012274,0.0650,199.55,53.00,17.00,32.00,2.00,4.599,8.73,2.75,6.92,-3.96,-4.76
1.5,false,0.007911,0.012920,0.0650,199.55,56.00,17.00,32.00,2.00,6.053,8.73,8.57,6.92,-3.96,-4.76
1.5,false,0.007911,0.013566,0.0650,199.55,59.00,17.00,32.00,2.00,7.507,8.73,14.39,6.92,-3.96,-4.76
1.5,false,0.007911,0.014212,0.0650,199.55,62.00,17.00,32.00,2.00,8.961,8.73,20.20,6.92,-3.96,-4.76
1.5,false,0.008350,0.010982,0.0650,199.55,48.00,17.00,34.00,2.00,5.165,8.73,-6.94,6.92,2.04,-4.76
1.5,false,0.008350,0.011628,0.0650,199.55,52.00,17.00,34.00,2.00,3.634,8.73,0.81,6.92,2.04,-4.76
1.5,false,0.008350,0.012274,0.0650,199.55,54.00,17.00,34.00,2.00,4.603,8.73,4.69,6.92,2.04,-4.76
1.5,false,0.008350,0.012920,0.0650,199.55,57.00,17.00,34.00,2.00,6.057,8.73,10.51,6.92,2.04,-4.76
1.5,false,0.008350,0.013566,0.0650,199.55,60.00,17.00,34.00,2.00,7.511,8.73,16.32,6.92,2.04,-4.76
1.5,false,0.008350,0.014212,0.0650,199.55,63.00,17.00,34.00,2.00,8.965,8.73,22.14,6.92,2.04,-4.76
1.5,false,0.008790,0.010982,0.0650,199.55,48.00,18.00,35.00,2.00,7.488,8.73,-6.94,13.21,5.04,-4.76
1.5,false,0.008790,0.011628,0.0650,199.55,51.00,18.00,35.00,2.00,6.034,8.73,-1.12,13.21,5.04,-4.76
1.5,false,0.008790,0.012274,0.0650,199.55,54.00,18.00,35.00,2.00,6.926,8.73,4.69,13.21,5.04,-4.76
1.5,false,0.008790,0.012920,0.0650,199.55,56.00,18.00,35.00,2.00,7.895,8.73,8.57,13.21,5.04,-4.76
1.5,false,0.008790,0.013566,0.0650,199.55,60.00,18.00,35.00,2.00,9.834,8.73,16.32,13.21,5.04,-4.76
1.5,false,0.008790,0.014212,0.0650,199.55,62.00,18.00,35.00,2.00,10.803,8.73,20.20,13.21,5.04,-4.76
1.5,false,0.009229,0.010982,0.0650,199.55,48.00,19.00,37.00,2.00,10.561,8.73,-6.94,19.50,11.04,-4.76
1.5,false,0.009229,0.011628,0.0650,199.55,51.00,19.00,37.00,2.00,9.107,8.73,-1.12,19.50,11.04,-4.76
1.5,false,0.009229,0.012274,0.0650,199.55,53.00,19.00,37.00,2.00,9.514,8.73,2.75,19.50,11.04,-4.76
1.5,false,0.009229,0.012920,0.0650,199.55,56.00,19.00,37.00,2.00,10.968,8.73,8.57,19.50,11.04,-4.76
1.5,false,0.009229,0.013566,0.0650,199.55,60.00,19.00,37.00,2.00,12.907,8.73,16.32,19.50,11.04,-4.76
1.5,false,0.009229,0.014212,0.0650,199.55,63.00,19.00,37.00,2.00,14.361,8.73,22.14,19.50,11.04,-4.76
1.5,false,0.009669,0.010982,0.0650,199.55,49.00,19.00,39.00,3.00,21.101,8.73,-5.00,19.50,17.05,42.86
1.5,false,0.009669,0.011628,0.0650,199.55,51.00,19.00,39.00,3.00,20.131,8.73,-1.12,19.50,17.05,42.86
1.5,false,0.009669,0.012274,0.0650,199.55,54.00,19.00,39.00,3.00,21.023,8.73,4.69,19.50,17.05,42.86
1.5,false,0.009669,0.012920,0.0650,199.55,57.00,19.00,39.00,3.00,22.477,8.73,10.51,19.50,17.05,42.86
1.5,false,0.009669,0.013566,0.0650,199.55,61.00,19.00,39.00,3.00,24.416,8.73,18.26,19.50,17.05,42.86
1.5,false,0.009669,0.014212,0.0650,199.55,64.00,19.00,39.00,3.00,25.870,8.73,24.08,19.50,17.05,42.86
1.5,false,0.007471,0.010982,0.0700,199.55,48.00,16.00,30.00,2.00,5.574,8.73,-6.94,0.63,-9.96,-4.76
1.5,false,0.007471,0.011628,0.0700,199.55,51.00,16.00,30.00,2.00,4.120,8.73,-1.12,0.63,-9.96,-4.76
1.5,false,0.007471,0.012274,0.0700,199.55,53.00,16.00,30.00,2.00,4.527,8.73,2.75,0.63,-9.96,-4.76
1.5,false,0.007471,0.012920,0.0700,199.55,56.00,16.00,30.00,2.00,5.981,8.73,8.57,0.63,-9.96,-4.76
1.5,false,0.007471,0.013566,0.0700,199.55,60.00,16.00,30.00,2.00,7.920,8.73,16.32,0.63,-9.96,-4.76
1.5,false,0.007471,0.014212,0.0700,199.55,62.00,16.00,30.00,2.00,8.889,8.73,20.20,0.63,-9.96,-4.76
1.5,false,0.007911,0.010982,0.0700,199.55,48.00,17.00,32.00,2.00,5.646,8.73,-6.94,6.92,-3.96,-4.76
1.5,false,0.007911,0.011628,0.0700,199.55,51.00,17.00,32.00,2.00,4.192,8.73,-1.12,6.92,-3.96,-4.76
1.5,false,0.007911,0.012274,0.0700,199.55,53.00,17.00,32.00,2.00,4.599,8.73,2.75,6.92,-3.96,-4.76
1.5,false,0.007911,0.012920,0.0700,199.55,56.00,17.00,32.00,2.00,6.053,8.73,8.57,6.92,-3.96,-4.76
1.5,false,0.007911,0.013566,0.0700,199.55,59.00,17.00,32.00,2.00,7.507,8.73,14.39,6.92,-3.96,-4.76
1.5,false,0.007911,0.014212,0.0700,199.55,62.00,17.00,32.00,2.00,8.961,8.73,20.20,6.92,-3.96,-4.76
1.5,false,0.008350,0.010982,0.0700,199.55,48.00,17.00,34.00,2.00,5.165,8.73,-6.94,6.92,2.04,-4.76
1.5,false,0.008350,0.011628,0.0700,199.55,52.00,17.00,34.00,2.00,3.634,8.73,0.81,6.92,2.04,-4.76
1.5,false,0.008350,0.012274,0.0700,199.55,54.00,17.00,34.00,2.00,4.603,8.73,4.69,6.92,2.04,-4.76
1.5,false,0.008350,0.012920,0.0700,199.55,57.00,17.00,34.00,2.00,6.057,8.73,10.51,6.92,2.04,-4.76
1.5,false,0.008350,0.013566,0.0700,199.55,60.00,17.00,34.00,2.00,7.511,8.73,16.32,6.92,2.04,-4.76
1.5,false,0.008350,0.014212,0.0700,199.55,63.00,17.00,34.00,2.00,8.965,8.73,22.14,6.92,2.04,-4.76
1.5,false,0.008790,0.010982,0.0700,199.55,48.00,18.00,35.00,2.00,7.488,8.73,-6.94,13.21,5.04,-4.76
1.5,false,0.008790,0.011628,0.0700,199.55,51.00,18.00,35.00,2.00,6.034,8.73,-1.12,13.21,5.04,-4.76
1.5,false,0.008790,0.012274,0.0700,199.55,54.00,18.00,35.00,2.00,6.926,8.73,4.69,13.21,5.04,-4.76
1.5,false,0.008790,0.012920,0.0700,199.55,56.00,18.00,35.00,2.00,7.895,8.73,8.57,13.21,5.04,-4.76
1.5,false,0.008790,0.013566,0.0700,199.55,60.00,18.00,35.00,2.00,9.834,8.73,16.32,13.21,5.04,-4.76
1.5,false,0.008790,0.014212,0.0700,199.55,62.00,18.00,35.00,2.00,10.803,8.73,20.20,13.21,5.04,-4.76
1.5,false,0.009229,0.010982,0.0700,199.55,48.00,19.00,37.00,2.00,10.561,8.73,-6.94,19.50,11.04,-4.76
1.5,false,0.009229,0.011628,0.0700,199.55,51.00,19.00,37.00,2.00,9.107,8.73,-1.12,19.50,11.04,-4.76
1.5,false,0.009229,0.012274,0.0700,199.55,53.00,19.00,37.00,2.00,9.514,8.73,2.75,19.50,11.04,-4.76
1.5,false,0.009229,0.012920,0.0700,199.55,56.00,19.00,37.00,2.00,10.968,8.73,8.57,19.50,11.04,-4.76
1.5,false,0.009229,0.013566,0.0700,199.55,60.00,19.00,37.00,2.00,12.907,8.73,16.32,19.50,11.04,-4.76
1.5,false,0.009229,0.014212,0.0700,199.55,63.00,19.00,37.00,2.00,14.361,8.73,22.14,19.50,11.04,-4.76
1.5,false,0.009669,0.010982,0.0700,199.55,49.00,19.00,39.00,3.00,21.101,8.73,-5.00,19.50,17.05,42.86
1.5,false,0.009669,0.011628,0.0700,199.55,51.00,19.00,39.00,3.00,20.131,8.73,-1.12,19.50,17.05,42.86
1.5,false,0.009669,0.012274,0.0700,199.55,54.00,19.00,39.00,3.00,21.023,8.73,4.69,19.50,17.05,42.86
1.5,false,0.009669,0.012920,0.0700,199.55,57.00,19.00,39.00,3.00,22.477,8.73,10.51,19.50,17.05,42.86
1.5,false,0.009669,0.013566,0.0700,199.55,61.00,19.00,39.00,3.00,24.416,8.73,18.26,19.50,17.05,42.86
1.5,false,0.009669,0.014212,0.0700,199.55,64.00,19.00,39.00,3.00,25.870,8.73,24.08,19.50,17.05,42.86
1.5,true,0.007951,0.011671,0.0500,199.55,51.00,16.00,33.00,2.00,1.869,8.73,-1.12,0.63,-0.96,-4.76
1.5,true,0.007951,0.011671,0.0550,199.55,51.00,17.00,33.00,2.00,3.441,8.73,-1.12,6.92,-0.96,-4.76
1.5,true,0.007951,0.011671,0.0590,199.55,51.00,17.00,33.00,2.00,3.441,8.73,-1.12,6.92,-0.96,-4.76
1.5,true,0.007951,0.011671,0.0620,199.55,51.00,17.00,33.00,2.00,3.441,8.73,-1.12,6.92,-0.96,-4.76
1.5,true,0.007951,0.011671,0.0650,199.55,51.00,17.00,33.00,2.00,3.441,8.73,-1.12,6.92,-0.96,-4.76
1.5,true,0.007951,0.011671,0.0700,199.55,51.00,17.00,33.00,2.00,3.441,8.73,-1.12,6.92,-0.96,-4.76
3,false,0.007471,0.010982,0.0500,201.05,49.00,15.00,31.00,1.00,17.502,8.73,-5.00,-5.66,-6.96,-52.38
3,false,0.007471,0.011628,0.0500,201.05,52.00,15.00,31.00,1.00,16.455,8.73,0.81,-5.66,-6.96,-52.38
3,false,0.007471,0.012274,0.0500,201.05,55.00,15.00,31.00,1.00,17.909,8.73,6.63,-5.66,-6.96,-52.38
3,false,0.007471,0.012920,0.0500,201.05,58.00,15.00,31.00,1.00,19.363,8.73,12.45,-5.66,-6.96,-52.38
3,false,0.007471,0.013566,0.0500,201.05,61.00,15.00,31.00,1.00,20.817,8.73,18.26,-5.66,-6.96,-52.38
3,false,0.007471,0.014212,0.0500,201.05,64.00,15.00,31.00,1.00,22.271,8.73,24.08,-5.66,-6.96,-52.38
3,false,0.007911,0.010982,0.0500,201.00,50.00,16.00,32.00,2.00,3.104,8.73,-3.06,0.63,-3.96,-4.76
3,false,0.007911,0.011628,0.0500,201.00,53.00,16.00,32.00,2.00,3.026,8.73,2.75,0.63,-3.96,-4.76
3,false,0.007911,0.012274,0.0500,201.00,56.00,16.00,32.00,2.00,4.480,8.73,8.57,0.63,-3.96,-4.76
3,false,0.007911,0.012920,0.0500,201.00,59.00,16.00,32.00,2.00,5.934,8.73,14.39,0.63,-3.96,-4.76
3,false,0.007911,0.013566,0.0500,201.00,62.00,16.00,32.00,2.00,7.389,8.73,20.20,0.63,-3.96,-4.76
3,false,0.007911,0.014212,0.0500,201.00,64.00,16.00,32.00,2.00,8.358,8.73,24.08,0.63,-3.96,-4.76
3,false,0.008350,0.010982,0.0500,201.05,50.00,17.00,34.00,2.00,4.196,8.73,-3.06,6.92,2.04,-4.76
3,false,0.008350,0.011628,0.0500,201.05,53.00,17.00,34.00,2.00,4.118,8.73,2.75,6.92,2.04,-4.76
3,false,0.008350,0.012274,0.0500,201.05,55.00,17.00,34.00,2.00,5.088,8.73,6.63,6.92,2.04,-4.76
3,false,0.008350,0.012920,0.0500,201.05,58.00,17.00,34.00,2.00,6.542,8.73,12.45,6.92,2.04,-4.76
3,false,0.008350,0.013566,0.0500,201.05,62.00,17.00,34.00,2.00,8.481,8.73,20.20,6.92,2.04,-4.76
3,false,0.008350,0.014212,0.0500,201.05,64.00,17.00,34.00,2.00,9.450,8.73,24.08,6.92,2.04,-4.76
3,false,0.008790,0.010982,0.0500,201.05,50.00,18.00,36.00,2.00,7.269,8.73,-3.06,13.21,8.04,-4.76
3,false,0.008790,0.011628,0.0500,201.05,52.00,18.00,36.00,2.00,6.707,8.73,0.81,13.21,8.04,-4.76
3,false,0.008790,0.012274,0.0500,201.05,55.00,18.00,36.00,2.00,8.161,8.73,6.63,13.21,8.04,-4.76
3,false,0.008790,0.012920,0.0500,201.05,58.00,18.00,36.00,2.00,9.615,8.73,12.45,13.21,8.04,-4.76
3,false,0.008790,0.013566,0.0500,201.05,62.00,18.00,36.00,2.00,11.554,8.73,20.20,13.21,8.04,-4.76
3,false,0.008790,0.014212,0.0500,201.05,65.00,18.00,36.00,2.00,13.008,8.73,26.02,13.21,8.04,-4.76
3,false,0.009229,0.010982,0.0500,201.05,48.00,19.00,38.00,2.00,11.311,8.73,-6.94,19.50,14.05,-4.76
3,false,0.009229,0.011628,0.0500,201.05,51.00,19.00,38.00,2.00,9.857,8.73,-1.12,19.50,14.05,-4.76
3,false,0.009229,0.012274,0.0500,201.05,54.00,19.00,38.00,2.00,10.749,8.73,4.69,19.50,14.05,-4.76
3,false,0.009229,0.012920,0.0500,201.05,57.00,19.00,38.00,2.00,12.203,8.73,10.51,19.50,14.05,-4.76
3,false,0.009229,0.013566,0.0500,201.05,60.00,19.00,38.00,2.00,13.657,8.73,16.32,19.50,14.05,-4.76
3,false,0.009229,0.014212,0.0500,201.05,63.00,19.00,38.00,2.00,15.111,8.73,22.14,19.50,14.05,-4.76
3,false,0.009669,0.010982,0.0500,201.05,48.00,20.00,40.00,2.00,14.384,8.73,-6.94,25.79,20.05,-4.76
3,false,0.009669,0.011628,0.0500,201.05,51.00,20.00,40.00,2.00,12.930,8.73,-1.12,25.79,20.05,-4.76
3,false,0.009669,0.012274,0.0500,201.05,54.00,20.00,40.00,2.00,13.822,8.73,4.69,25.79,20.05,-4.76
3,false,0.009669,0.012920,0.0500,201.05,57.00,20.00,40.00,2.00,15.276,8.73,10.51,25.79,20.05,-4.76
3,false,0.009669,0.013566,0.0500,201.05,60.00,20.00,40.00,2.00,16.730,8.73,16.32,25.79,20.05,-4.76
3,false,0.009669,0.014212,0.0500,201.05,63.00,20.00,40.00,2.00,18.184,8.73,22.14,25.79,20.05,-4.76
3,false,0.007471,0.010982,0.0550,201.05,49.00,15.00,30.00,2.00,6.347,8.73,-5.00,-5.66,-9.96,-4.76
3,false,0.007471,0.011628,0.0550,201.05,52.00,15.00,30.00,2.00,5.300,8.73,0.81,-5.66,-9.96,-4.76
3,false,0.007471,0.012274,0.0550,201.05,55.00,15.00,30.00,2.00,6.754,8.73,6.63,-5.66,-9.96,-4.76
3,false,0.007471,0.012920,0.0550,201.05,58.00,15.00,30.00,2.00,8.208,8.73,12.45,-5.66,-9.96,-4.76
3,false,0.007471,0.013566,0.0550,201.05,61.00,15.00,30.00,2.00,9.662,8.73,18.26,-5.66,-9.96,-4.76
3,false,0.007471,0.014212,0.0550,201.05,64.00,15.00,30.00,2.00,11.116,8.73,24.08,-5.66,-9.96,-4.76
3,false,0.007911,0.010982,0.0550,201.00,50.00,16.00,32.00,2.00,3.104,8.73,-3.06,0.63,-3.96,-4.76
3,false,0.007911,0.011628,0.0550,201.00,53.00,16.00,32.00,2.00,3.026,8.73,2.75,0.63,-3.96,-4.76
3,false,0.007911,0.012274,0.0550,201.00,56.00,16.00,32.00,2.00,4.480,8.73,8.57,0.63,-3.96,-4.76
3,false,0.007911,0.012920,0.0550,201.00,59.00,16.00,32.00,2.00,5.934,8.73,14.39,0.63,-3.96,-4.76
3,false,0.007911,0.013566,0.0550,201.00,62.00,16.00,32.00,2.00,7.389,8.73,20.20,0.63,-3.96,-4.76
3,false,0.007911,0.014212,0.0550,201.00,64.00,16.00,32.00,2.00,8.358,8.73,24.08,0.63,-3.96,-4.76
3,false,0.008350,0.010982,0.0550,201.05,50.00,17.00,34.00,2.00,4.196,8.73,-3.06,6.92,2.04,-4.76
3,false,0.008350,0.011628,0.0550,201.05,53.00,17.00,34.00,2.00,4.118,8.73,2.75,6.92,2.04,-4.76
3,false,0.008350,0.012274,0.0550,201.05,55.00,17.00,34.00,2.00,5.088,8.73,6.63,6.92,2.04,-4.76
3,false,0.008350,0.012920,0.0550,201.05,58.00,17.00,34.00,2.00,6.542,8.73,12.45,6.92,2.04,-4.76
3,false,0.008350,0.013566,0.0550,201.05,62.00,17.00,34.00,2.00,8.481,8.73,20.20,6.92,2.04,-4.76
3,false,0.008350,0.014212,0.0550,201.05,64.00,17.00,34.00,2.00,9.450,8.73,24.08,6.92,2.04,-4.76
3,false,0.008790,0.010982,0.0550,201.05,50.00,18.00,36.00,2.00,7.269,8.73,-3.06,13.21,8.04,-4.76
3,false,0.008790,0.011628,0.0550,201.05,52.00,18.00,36.00,2.00,6.707,8.73,0.81,13.21,8.04,-4.76
3,false,0.008790,0.012274,0.0550,201.05,55.00,18.00,36.00,2.00,8.161,8.73,6.63,13.21,8.04,-4.76
3,false,0.008790,0.012920,0.0550,201.05,58.00,18.00,36.00,2.00,9.615,8.73,12.45,13.21,8.04,-4.76
3,false,0.008790,0.013566,0.0550,201.05,62.00,18.00,36.00,2.00,11.554,8.73,20.20,13.21,8.04,-4.76
3,false,0.008790,0.014212,0.0550,201.05,65.00,18.00,36.00,2.00,13.008,8.73,26.02,13.21,8.04,-4.76
3,false,0.009229,0.010982,0.0550,201.05,48.00,19.00,38.00,2.00,11.311,8.73,-6.94,19.50,14.05,-4.76
3,false,0.009229,0.011628,0.0550,201.05,51.00,19.00,38.00,2.00,9.857,8.73,-1.12,19.50,14.05,-4.76
3,false,0.009229,0.012274,0.0550,201.05,54.00,19.00,38.00,2.00,10.749,8.73,4.69,19.50,14.05,-4.76
3,false,0.009229,0.012920,0.0550,201.05,57.00,19.00,38.00,2.00,12.203,8.73,10.51,19.50,14.05,-4.76
3,false,0.009229,0.013566,0.0550,201.05,60.00,19.00,38.00,2.00,13.657,8.73,16.32,19.50,14.05,-4.76
3,false,0.009229,0.014212,0.0550,201.05,63.00,19.00,38.00,2.00,15.111,8.73,22.14,19.50,14.05,-4.76
3,false,0.009669,0.010982,0.0550,201.05,48.00,20.00,40.00,3.00,23.908,8.73,-6.94,25.79,20.05,42.86
3,false,0.009669,0.011628,0.0550,201.05,51.00,20.00,40.00,3.00,22.454,8.73,-1.12,25.79,20.05,42.86
3,false,0.009669,0.012274,0.0550,201.05,54.00,20.00,40.00,3.00,23.346,8.73,4.69,25.79,20.05,42.86
3,false,0.009669,0.012920,0.0550,201.05,57.00,20.00,40.00,3.00,24.800,8.73,10.51,25.79,20.05,42.86
3,false,0.009669,0.013566,0.0550,201.05,60.00,20.00,40.00,3.00,26.254,8.73,16.32,25.79,20.05,42.86
3,false,0.009669,0.014212,0.0550,201.05,63.00,20.00,40.00,3.00,27.708,8.73,22.14,25.79,20.05,42.86
3,false,0.007471,0.010982,0.0590,201.05,49.00,15.00,30.00,2.00,6.347,8.73,-5.00,-5.66,-9.96,-4.76
3,false,0.007471,0.011628,0.0590,201.05,52.00,15.00,30.00,2.00,5.300,8.73,0.81,-5.66,-9.96,-4.76
3,false,0.007471,0.012274,0.0590,201.05,55.00,15.00,30.00,2.00,6.754,8.73,6.63,-5.66,-9.96,-4.76
3,false,0.007471,0.012920,0.0590,201.05,58.00,15.00,30.00,2.00,8.208,8.73,12.45,-5.66,-9.96,-4.76
3,false,0.007471,0.013566,0.0590,201.05,61.00,15.00,30.00,2.00,9.662,8.73,18.26,-5.66,-9.96,-4.76
3,false,0.007471,0.014212,0.0590,201.05,64.00,15.00,30.00,2.00,11.116,8.73,24.08,-5.66,-9.96,-4.76
3,false,0.007911,0.010982,0.0590,201.00,50.00,16.00,32.00,2.00,3.104,8.73,-3.06,0.63,-3.96,-4.76
3,false,0.007911,0.011628,0.0590,201.00,53.00,16.00,32.00,2.00,3.026,8.73,2.75,0.63,-3.96,-4.76
3,false,0.007911,0.012274,0.0590,201.00,56.00,16.00,32.00,2.00,4.480,8.73,8.57,0.63,-3.96,-4.76
3,false,0.007911,0.012920,0.0590,201.00,59.00,16.00,32.00,2.00,5.934,8.73,14.39,0.63,-3.96,-4.76
3,false,0.007911,0.013566,0.0590,201.00,62.00,16.00,32.00,2.00,7.389,8.73,20.20,0.63,-3.96,-4.76
3,false,0.007911,0.014212,0.0590,201.00,64.00,16.00,32.00,2.00,8.358,8.73,24.08,0.63,-3.96,-4.76
3,false,0.008350,0.010982,0.0590,201.05,50.00,17.00,34.00,2.00,4.196,8.73,-3.06,6.92,2.04,-4.76
3,false,0.008350,0.011628,0.0590,201.05,53.00,17.00,34.00,2.00,4.118,8.73,2.75,6.92,2.04,-4.76
3,false,0.008350,0.012274,0.0590,201.05,55.00,17.00,34.00,2.00,5.088,8.73,6.63,6.92,2.04,-4.76
3,false,0.008350,0.012920,0.0590,201.05,58.00,17.00,34.00,2.00,6.542,8.73,12.45,6.92,2.04,-4.76
3,false,0.008350,0.013566,0.0590,201.05,62.00,17.00,34.00,2.00,8.481,8.73,20.20,6.92,2.04,-4.76
3,false,0.008350,0.014212,0.0590,201.05,64.00,17.00,34.00,2.00,9.450,8.73,24.08,6.92,2.04,-4.76
3,false,0.008790,0.010982,0.0590,201.05,50.00,18.00,36.00,2.00,7.269,8.73,-3.06,13.21,8.04,-4.76
3,false,0.008790,0.011628,0.0590,201.05,52.00,18.00,36.00,2.00,6.707,8.73,0.81,13.21,8.04,-4.76
3,false,0.008790,0.012274,0.0590,201.05,55.00,18.00,36.00,2.00,8.161,8.73,6.63,13.21,8.04,-4.76
3,false,0.008790,0.012920,0.0590,201.05,58.00,18.00,36.00,2.00,9.615,8.73,12.45,13.21,8.04,-4.76
3,false,0.008790,0.013566,0.0590,201.05,62.00,18.00,36.00,2.00,11.554,8.73,20.20,13.21,8.04,-4.76
3,false,0.008790,0.014212,0.0590,201.05,65.00,18.00,36.00,2.00,13.008,8.73,26.02,13.21,8.04,-4.76
3,false,0.009229,0.010982,0.0590,201.05,48.00,19.00,37.00,3.00,20.085,8.73,-6.94,19.50,11.04,42.86
3,false,0.009229,0.011628,0.0590,201.05,51.00,19.00,37.00,3.00,18.631,8.73,-1.12,19.50,11.04,42.86
3,false,0.009229,0.012274,0.0590,201.05,54.00,19.00,37.00,3.00,19.523,8.73,4.69,19.50,11.04,42.86
3,false,0.009229,0.012920,0.0590,201.05,57.00,19.00,37.00,3.00,20.977,8.73,10.51,19.50,11.04,42.86
3,false,0.009229,0.013566,0.0590,201.05,60.00,19.00,37.00,3.00,22.431,8.73,16.32,19.50,11.04,42.86
3,false,0.009229,0.014212,0.0590,201.05,63.00,19.00,37.00,3.00,23.885,8.73,22.14,19.50,11.04,42.86
3,false,0.009669,0.010982,0.0590,201.05,48.00,20.00,40.00,3.00,23.908,8.73,-6.94,25.79,20.05,42.86
3,false,0.009669,0.011628,0.0590,201.05,51.00,20.00,40.00,3.00,22.454,8.73,-1.12,25.79,20.05,42.86
3,false,0.009669,0.012274,0.0590,201.05,54.00,20.00,40.00,3.00,23.346,8.73,4.69,25.79,20.05,42.86
3,false,0.009669,0.012920,0.0590,201.05,57.00,20.00,40.00,3.00,24.800,8.73,10.51,25.79,20.05,42.86
3,false,0.009669,0.013566,0.0590,201.05,60.00,20.00,40.00,3.00,26.254,8.73,16.32,25.79,20.05,42.86
3,false,0.009669,0.014212,0.0590,201.05,63.00,20.00,40.00,3.00,27.708,8.73,22.14,25.79,20.05,42.86
3,false,0.007471,0.010982,0.0620,201.05,49.00,15.00,30.00,2.00,6.347,8.73,-5.00,-5.66,-9.96,-4.76
3,false,0.007471,0.011628,0.0620,201.05,52.00,15.00,30.00,2.00,5.300,8.73,0.81,-5.66,-9.96,-4.76
3,false,0.007471,0.012274,0.0620,201.05,55.00,15.00,30.00,2.00,6.754,8.73,6.63,-5.66,-9.96,-4.76
3,false,0.007471,0.012920,0.0620,201.05,58.00,15.00,30.00,2.00,8.208,8.73,12.45,-5.66,-9.96,-4.76
3,false,0.007471,0.013566,0.0620,201.05,61.00,15.00,30.00,2.00,9.662,8.73,18.26,-5.66,-9.96,-4.76
3,false,0.007471,0.014212,0.0620,201.05,64.00,15.00,30.00,2.00,11.116,8.73,24.08,-5.66,-9.96,-4.76
3,false,0.007911,0.010982,0.0620,201.00,50.00,16.00,31.00,2.00,3.854,8.73,-3.06,0.63,-6.96,-4.76
3,false,0.007911,0.011628,0.0620,201.00,53.00,16.00,31.00,2.00,3.777,8.73,2.75,0.63,-6.96,-4.76
3,false,0.007911,0.012274,0.0620,201.00,56.00,16.00,31.00,2.00,5.231,8.73,8.57,0.63,-6.96,-4.76
3,false,0.007911,0.012920,0.0620,201.00,59.00,16.00,31.00,2.00,6.685,8.73,14.39,0.63,-6.96,-4.76
3,false,0.007911,0.013566,0.0620,201.00,62.00,16.00,31.00,2.00,8.139,8.73,20.20,0.63,-6.96,-4.76
3,false,0.007911,0.014212,0.0620,201.00,64.00,16.00,31.00,2.00,9.108,8.73,24.08,0.63,-6.96,-4.76
3,false,0.008350,0.010982,0.0620,201.05,50.00,17.00,34.00,2.00,4.196,8.73,-3.06,6.92,2.04,-4.76
3,false,0.008350,0.011628,0.0620,201.05,53.00,17.00,34.00,2.00,4.118,8.73,2.75,6.92,2.04,-4.76
3,false,0.008350,0.012274,0.0620,201.05,55.00,17.00,34.00,2.00,5.088,8.73,6.63,6.92,2.04,-4.76
3,false,0.008350,0.012920,0.0620,201.05,58.00,17.00,34.00,2.00,6.542,8.73,12.45,6.92,2.04,-4.76
3,false,0.008350,0.013566,0.0620,201.05,62.00,17.00,34.00,2.00,8.481,8.73,20.20,6.92,2.04,-4.76
3,false,0.008350,0.014212,0.0620,201.05,64.00,17.00,34.00,2.00,9.450,8.73,24.08,6.92,2.04,-4.76
3,false,0.008790,0.010982,0.0620,201.05,50.00,18.00,36.00,2.00,7.269,8.73,-3.06,13.21,8.04,-4.76
3,false,0.008790,0.011628,0.0620,201.05,52.00,18.00,36.00,2.00,6.707,8.73,0.81,13.21,8.04,-4.76
3,false,0.008790,0.012274,0.0620,201.05,55.00,18.00,36.00,2.00,8.161,8.73,6.63,13.21,8.04,-4.76
3,false,0.008790,0.012920,0.0620,201.05,58.00,18.00,36.00,2.00,9.615,8.73,12.45,13.21,8.04,-4.76
3,false,0.008790,0.013566,0.0620,201.05,62.00,18.00,36.00,2.00,11.554,8.73,20.20,13.21,8.04,-4.76
3,false,0.008790,0.014212,0.0620,201.05,65.00,18.00,36.00,2.00,13.008,8.73,26.02,13.21,8.04,-4.76
3,false,0.009229,0.010982,0.0620,201.05,48.00,19.00,37.00,3.00,20.085,8.73,-6.94,19.50,11.04,42.86
3,false,0.009229,0.011628,0.0620,201.05,51.00,19.00,37.00,3.00,18.631,8.73,-1.12,19.50,11.04,42.86
3,false,0.009229,0.012274,0.0620,201.05,54.00,19.00,37.00,3.00,19.523,8.73,4.69,19.50,11.04,42.86
3,false,0.009229,0.012920,0.0620,201.05,57.00,19.00,37.00,3.00,20.977,8.73,10.51,19.50,11.04,42.86
3,false,0.009229,0.013566,0.0620,201.05,60.00,19.00,37.00,3.00,22.431,8.73,16.32,19.50,11.04,42.86
3,false,0.009229,0.014212,0.0620,201.05,63.00,19.00,37.00,3.00,23.885,8.73,22.14,19.50,11.04,42.86
3,false,0.009669,0.010982,0.0620,201.05,48.00,20.00,39.00,3.00,23.158,8.73,-6.94,25.79,17.05,42.86
3,false,0.009669,0.011628,0.0620,201.05,51.00,20.00,39.00,3.00,21.704,8.73,-1.12,25.79,17.05,42.86
3,false,0.009669,0.012274,0.0620,201.05,54.00,20.00,39.00,3.00,22.595,8.73,4.69,25.79,17.05,42.86
3,false,0.009669,0.012920,0.0620,201.05,57.00,20.00,39.00,3.00,24.050,8.73,10.51,25.79,17.05,42.86
3,false,0.009669,0.013566,0.0620,201.05,60.00,20.00,39.00,3.00,25.504,8.73,16.32,25.79,17.05,42.86
3,false,0.009669,0.014212,0.0620,201.05,63.00,20.00,39.00,3.00,26.958,8.73,22.14,25.79,17.05,42.86
3,false,0.007471,0.010982,0.0650,201.05,49.00,15.00,30.00,2.00,6.347,8.73,-5.00,-5.66,-9.96,-4.76
3,false,0.007471,0.011628,0.0650,201.05,52.00,15.00,30.00,2.00,5.300,8.73,0.81,-5.66,-9.96,-4.76
3,false,0.007471,0.012274,0.0650,201.05,55.00,15.00,30.00,2.00,6.754,8.73,6.63,-5.66,-9.96,-4.76
3,false,0.007471,0.012920,0.0650,201.05,58.00,15.00,30.00,2.00,8.208,8.73,12.45,-5.66,-9.96,-4.76
3,false,0.007471,0.013566,0.0650,201.05,61.00,15.00,30.00,2.00,9.662,8.73,18.26,-5.66,-9.96,-4.76
3,false,0.007471,0.014212,0.0650,201.05,64.00,15.00,30.00,2.00,11.116,8.73,24.08,-5.66,-9.96,-4.76
3,false,0.007911,0.010982,0.0650,201.00,50.00,16.00,31.00,2.00,3.854,8.73,-3.06,0.63,-6.96,-4.76
3,false,0.007911,0.011628,0.0650,201.00,53.00,16.00,31.00,2.00,3.777,8.73,2.75,0.63,-6.96,-4.76
3,false,0.007911,0.012274,0.0650,201.00,56.00,16.00,31.00,2.00,5.231,8.73,8.57,0.63,-6.96,-4.76
3,false,0.007911,0.012920,0.0650,201.00,59.00,16.00,31.00,2.00,6.685,8.73,14.39,0.63,-6.96,-4.76
3,false,0.007911,0.013566,0.0650,201.00,62.00,16.00,31.00,2.00,8.139,8.73,20.20,0.63,-6.96,-4.76
3,false,0.007911,0.014212,0.0650,201.00,64.00,16.00,31.00,2.00,9.108,8.73,24.08,0.63,-6.96,-4.76
3,false,0.008350,0.010982,0.0650,201.05,50.00,17.00,34.00,2.00,4.196,8.73,-3.06,6.92,2.04,-4.76
3,false,0.008350,0.011628,0.0650,201.05,53.00,17.00,34.00,2.00,4.118,8.73,2.75,6.92,2.04,-4.76
3,false,0.008350,0.012274,0.0650,201.05,55.00,17.00,34.00,2.00,5.088,8.73,6.63,6.92,2.04,-4.76
3,false,0.008350,0.012920,0.0650,201.05,58.00,17.00,34.00,2.00,6.542,8.73,12.45,6.92,2.04,-4.76
3,false,0.008350,0.013566,0.0650,201.05,62.00,17.00,34.00,2.00,8.481,8.73,20.20,6.92,2.04,-4.76
3,false,0.008350,0.014212,0.0650,201.05,64.00,17.00,34.00,2.00,9.450,8.73,24.08,6.92,2.04,-4.76
3,false,0.008790,0.010982,0.0650,201.05,50.00,18.00,36.00,2.00,7.269,8.73,-3.06,13.21,8.04,-4.76
3,false,0.008790,0.011628,0.0650,201.05,52.00,18.00,36.00,2.00,6.707,8.73,0.81,13.21,8.04,-4.76
3,false,0.008790,0.012274,0.0650,201.05,55.00,18.00,36.00,2.00,8.161,8.73,6.63,13.21,8.04,-4.76
3,false,0.008790,0.012920,0.0650,201.05,58.00,18.00,36.00,2.00,9.615,8.73,12.45,13.21,8.04,-4.76
3,false,0.008790,0.013566,0.0650,201.05,62.00,18.00,36.00,2.00,11.554,8.73,20.20,13.21,8.04,-4.76
3,false,0.008790,0.014212,0.0650,201.05,65.00,18.00,36.00,2.00,13.008,8.73,26.02,13.21,8.04,-4.76
3,false,0.009229,0.010982,0.0650,201.05,48.00,19.00,37.00,3.00,20.085,8.73,-6.94,19.50,11.04,42.86
3,false,0.009229,0.011628,0.0650,201.05,51.00,19.00,37.00,3.00,18.631,8.73,-1.12,19.50,11.04,42.86
3,false,0.009229,0.012274,0.0650,201.05,54.00,19.00,37.00,3.00,19.523,8.73,4.69,19.50,11.04,42.86
3,false,0.009229,0.012920,0.0650,201.05,57.00,19.00,37.00,3.00,20.977,8.73,10.51,19.50,11.04,42.86
3,false,0.009229,0.013566,0.0650,201.05,60.00,19.00,37.00,3.00,22.431,8.73,16.32,19.50,11.04,42.86
3,false,0.009229,0.014212,0.0650,201.05,63.00,19.00,37.00,3.00,23.885,8.73,22.14,19.50,11.04,42.86
3,false,0.009669,0.010982,0.0650,201.05,48.00,20.00,39.00,3.00,23.158,8.73,-6.94,25.79,17.05,42.86
3,false,0.009669,0.011628,0.0650,201.05,51.00,20.00,39.00,3.00,21.704,8.73,-1.12,25.79,17.05,42.86
3,false,0.009669,0.012274,0.0650,201.05,54.00,20.00,39.00,3.00,22.595,8.73,4.69,25.79,17.05,42.86
3,false,0.009669,0.012920,0.0650,201.05,57.00,20.00,39.00,3.00,24.050,8.73,10.51,25.79,17.05,42.86
3,false,0.009669,0.013566,0.0650,201.05,60.00,20.00,39.00,3.00,25.504,8.73,16.32,25.79,17.05,42.86
3,false,0.009669,0.014212,0.0650,201.05,63.00,20.00,39.00,3.00,26.958,8.73,22.14,25.79,17.05,42.86
3,false,0.007471,0.010982,0.0700,201.05,49.00,15.00,30.00,2.00,6.347,8.73,-5.00,-5.66,-9.96,-4.76
3,false,0.007471,0.011628,0.0700,201.05,52.00,15.00,30.00,2.00,5.300,8.73,0.81,-5.66,-9.96,-4.76
3,false,0.007471,0.012274,0.0700,201.05,55.00,15.00,30.00,2.00,6.754,8.73,6.63,-5.66,-9.96,-4.76
3,false,0.007471,0.012920,0.0700,201.05,58.00,15.00,30.00,2.00,8.208,8.73,12.45,-5.66,-9.96,-4.76
3,false,0.007471,0.013566,0.0700,201.05,61.00,15.00,30.00,2.00,9.662,8.73,18.26,-5.66,-9.96,-4.76
3,false,0.007471,0.014212,0.0700,201.05,64.00,15.00,30.00,2.00,11.116,8.73,24.08,-5.66,-9.96,-4.76
3,false,0.007911,0.010982,0.0700,201.00,50.00,16.00,31.00,2.00,3.854,8.73,-3.06,0.63,-6.96,-4.76
3,false,0.007911,0.011628,0.0700,201.00,53.00,16.00,31.00,2.00,3.777,8.73,2.75,0.63,-6.96,-4.76
3,false,0.007911,0.012274,0.0700,201.00,56.00,16.00,31.00,2.00,5.231,8.73,8.57,0.63,-6.96,-4.76
3,false,0.007911,0.012920,0.0700,201.00,59.00,16.00,31.00,2.00,6.685,8.73,14.39,0.63,-6.96,-4.76
3,false,0.007911,0.013566,0.0700,201.00,62.00,16.00,31.00,2.00,8.139,8.73,20.20,0.63,-6.96,-4.76
3,false,0.007911,0.014212,0.0700,201.00,64.00,16.00,31.00,2.00,9.108,8.73,24.08,0.63,-6.96,-4.76
3,false,0.008350,0.010982,0.0700,201.05,50.00,17.00,33.00,2.00,3.926,8.73,-3.06,6.92,-0.96,-4.76
3,false,0.008350,0.011628,0.0700,201.05,53.00,17.00,33.00,2.00,3.848,8.73,2.75,6.92,-0.96,-4.76
3,false,0.008350,0.012274,0.0700,201.05,55.00,17.00,33.00,2.00,4.818,8.73,6.63,6.92,-0.96,-4.76
3,false,0.008350,0.012920,0.0700,201.05,58.00,17.00,33.00,2.00,6.272,8.73,12.45,6.92,-0.96,-4.76
3,false,0.008350,0.013566,0.0700,201.05,62.00,17.00,33.00,2.00,8.211,8.73,20.20,6.92,-0.96,-4.76
3,false,0.008350,0.014212,0.0700,201.05,64.00,17.00,33.00,2.00,9.180,8.73,24.08,6.92,-0.96,-4.76
3,false,0.008790,0.010982,0.0700,201.05,50.00,18.00,35.00,2.00,6.519,8.73,-3.06,13.21,5.04,-4.76
3,false,0.008790,0.011628,0.0700,201.05,52.00,18.00,35.00,2.00,5.956,8.73,0.81,13.21,5.04,-4.76
3,false,0.008790,0.012274,0.0700,201.05,55.00,18.00,35.00,2.00,7.410,8.73,6.63,13.21,5.04,-4.76
3,false,0.008790,0.012920,0.0700,201.05,58.00,18.00,35.00,2.00,8.865,8.73,12.45,13.21,5.04,-4.76
3,false,0.008790,0.013566,0.0700,201.05,62.00,18.00,35.00,2.00,10.803,8.73,20.20,13.21,5.04,-4.76
3,false,0.008790,0.014212,0.0700,201.05,65.00,18.00,35.00,2.00,12.257,8.73,26.02,13.21,5.04,-4.76
3,false,0.009229,0.010982,0.0700,201.05,48.00,19.00,37.00,3.00,20.085,8.73,-6.94,19.50,11.04,42.86
3,false,0.009229,0.011628,0.0700,201.05,51.00,19.00,37.00,3.00,18.631,8.73,-1.12,19.50,11.04,42.86
3,false,0.009229,0.012274,0.0700,201.05,54.00,19.00,37.00,3.00,19.523,8.73,4.69,19.50,11.04,42.86
3,false,0.009229,0.012920,0.0700,201.05,57.00,19.00,37.00,3.00,20.977,8.73,10.51,19.50,11.04,42.86
3,false,0.009229,0.013566,0.0700,201.05,60.00,19.00,37.00,3.00,22.431,8.73,16.32,19.50,11.04,42.86
3,false,0.009229,0.014212,0.0700,201.05,63.00,19.00,37.00,3.00,23.885,8.73,22.14,19.50,11.04,42.86
3,false,0.009669,0.010982,0.0700,201.05,48.00,20.00,39.00,3.00,23.158,8.73,-6.94,25.79,17.05,42.86
3,false,0.009669,0.011628,0.0700,201.05,51.00,20.00,39.00,3.00,21.704,8.73,-1.12,25.79,17.05,42.86
3,false,0.009669,0.012274,0.0700,201.05,54.00,20.00,39.00,3.00,22.595,8.73,4.69,25.79,17.05,42.86
3,false,0.009669,0.012920,0.0700,201.05,57.00,20.00,39.00,3.00,24.050,8.73,10.51,25.79,17.05,42.86
3,false,0.009669,0.013566,0.0700,201.05,60.00,20.00,39.00,3.00,25.504,8.73,16.32,25.79,17.05,42.86
3,false,0.009669,0.014212,0.0700,201.05,63.00,20.00,39.00,3.00,26.958,8.73,22.14,25.79,17.05,42.86
3,true,0.007892,0.011584,0.0500,201.00,52.00,16.00,32.00,2.00,2.542,8.73,0.81,0.63,-3.96,-4.76
3,true,0.007892,0.011584,0.0550,201.00,52.00,16.00,31.00,2.00,3.292,8.73,0.81,0.63,-6.96,-4.76
3,true,0.007892,0.011584,0.0590,201.00,52.00,16.00,31.00,2.00,3.292,8.73,0.81,0.63,-6.96,-4.76
3,true,0.007892,0.011584,0.0620,201.00,52.00,16.00,31.00,2.00,3.292,8.73,0.81,0.63,-6.96,-4.76
3,true,0.007892,0.011584,0.0650,201.00,52.00,16.00,31.00,2.00,3.292,8.73,0.81,0.63,-6.96,-4.76
3,true,0.007892,0.011584,0.0700,201.00,52.00,16.00,31.00,2.00,3.292,8.73,0.81,0.63,-6.96,-4.76
4.5,false,0.007471,0.010982,0.0500,202.59,48.00,16.00,31.00,2.00,4.824,8.73,-6.94,0.63,-6.96,-4.76
4.5,false,0.007471,0.011628,0.0500,202.59,51.00,16.00,31.00,2.00,3.370,8.73,-1.12,0.63,-6.96,-4.76
4.5,false,0.007471,0.012274,0.0500,202.59,54.00,16.00,31.00,2.00,4.261,8.73,4.69,0.63,-6.96,-4.76
4.5,false,0.007471,0.012920,0.0500,202.59,57.00,16.00,31.00,2.00,5.715,8.73,10.51,0.63,-6.96,-4.76
4.5,false,0.007471,0.013566,0.0500,202.59,60.00,16.00,31.00,2.00,7.169,8.73,16.32,0.63,-6.96,-4.76
4.5,false,0.007471,0.014212,0.0500,202.59,63.00,16.00,31.00,2.00,8.623,8.73,22.14,0.63,-6.96,-4.76
4.5,false,0.007911,0.010982,0.0500,202.59,49.00,18.00,33.00,2.00,5.983,8.73,-5.00,13.21,-0.96,-4.76
4.5,false,0.007911,0.011628,0.0500,202.59,52.00,18.00,33.00,2.00,4.936,8.73,0.81,13.21,-0.96,-4.76
4.5,false,0.007911,0.012274,0.0500,202.59,55.00,18.00,33.00,2.00,6.390,8.73,6.63,13.21,-0.96,-4.76
4.5,false,0.007911,0.012920,0.0500,202.59,58.00,18.00,33.00,2.00,7.844,8.73,12.45,13.21,-0.96,-4.76
4.5,false,0.007911,0.013566,0.0500,202.59,61.00,18.00,33.00,2.00,9.298,8.73,18.26,13.21,-0.96,-4.76
4.5,false,0.007911,0.014212,0.0500,202.59,64.00,18.00,33.00,2.00,10.752,8.73,24.08,13.21,-0.96,-4.76
4.5,false,0.008350,0.010982,0.0500,202.59,49.00,18.00,35.00,2.00,7.003,8.73,-5.00,13.21,5.04,-4.76
4.5,false,0.008350,0.011628,0.0500,202.59,52.00,18.00,35.00,2.00,5.956,8.73,0.81,13.21,5.04,-4.76
4.5,false,0.008350,0.012274,0.0500,202.59,55.00,18.00,35.00,2.00,7.410,8.73,6.63,13.21,5.04,-4.76
4.5,false,0.008350,0.012920,0.0500,202.59,58.00,18.00,35.00,2.00,8.865,8.73,12.45,13.21,5.04,-4.76
4.5,false,0.008350,0.013566,0.0500,202.59,62.00,18.00,35.00,2.00,10.803,8.73,20.20,13.21,5.04,-4.76
4.5,false,0.008350,0.014212,0.0500,202.59,64.00,18.00,35.00,2.00,11.773,8.73,24.08,13.21,5.04,-4.76
4.5,false,0.008790,0.010982,0.0500,202.59,48.00,19.00,37.00,2.00,10.561,8.73,-6.94,19.50,11.04,-4.76
4.5,false,0.008790,0.011628,0.0500,202.59,51.00,19.00,37.00,2.00,9.107,8.73,-1.12,19.50,11.04,-4.76
4.5,false,0.008790,0.012274,0.0500,202.59,54.00,19.00,37.00,2.00,9.999,8.73,4.69,19.50,11.04,-4.76
4.5,false,0.008790,0.012920,0.0500,202.59,57.00,19.00,37.00,2.00,11.453,8.73,10.51,19.50,11.04,-4.76
4.5,false,0.008790,0.013566,0.0500,202.59,61.00,19.00,37.00,2.00,13.392,8.73,18.26,19.50,11.04,-4.76
4.5,false,0.008790,0.014212,0.0500,202.59,64.00,19.00,37.00,2.00,14.846,8.73,24.08,19.50,11.04,-4.76
4.5,false,0.009229,0.010982,0.0500,202.59,47.00,20.00,39.00,2.00,14.119,8.73,-8.88,25.79,17.05,-4.76
4.5,false,0.009229,0.011628,0.0500,202.59,51.00,20.00,39.00,2.00,12.180,8.73,-1.12,25.79,17.05,-4.76
4.5,false,0.009229,0.012274,0.0500,202.59,54.00,20.00,39.00,2.00,13.072,8.73,4.69,25.79,17.05,-4.76
4.5,false,0.009229,0.012920,0.0500,202.59,57.00,20.00,39.00,2.00,14.526,8.73,10.51,25.79,17.05,-4.76
4.5,false,0.009229,0.013566,0.0500,202.59,60.00,20.00,39.00,2.00,15.980,8.73,16.32,25.79,17.05,-4.76
4.5,false,0.009229,0.014212,0.0500,202.59,63.00,20.00,39.00,2.00,17.434,8.73,22.14,25.79,17.05,-4.76
4.5,false,0.009669,0.010982,0.0500,202.59,48.00,20.00,41.00,2.00,15.134,8.73,-6.94,25.79,23.05,-4.76
4.5,false,0.009669,0.011628,0.0500,202.59,51.00,20.00,41.00,2.00,13.680,8.73,-1.12,25.79,23.05,-4.76
4.5,false,0.009669,0.012274,0.0500,202.59,54.00,20.00,41.00,2.00,14.572,8.73,4.69,25.79,23.05,-4.76
4.5,false,0.009669,0.012920,0.0500,202.59,57.00,20.00,41.00,2.00,16.026,8.73,10.51,25.79,23.05,-4.76
4.5,false,0.009669,0.013566,0.0500,202.59,60.00,20.00,41.00,2.00,17.480,8.73,16.32,25.79,23.05,-4.76
4.5,false,0.009669,0.014212,0.0500,202.59,63.00,20.00,41.00,2.00,18.934,8.73,22.14,25.79,23.05,-4.76
4.5,false,0.007471,0.010982,0.0550,202.59,48.00,16.00,31.00,2.00,4.824,8.73,-6.94,0.63,-6.96,-4.76
4.5,false,0.007471,0.011628,0.0550,202.59,51.00,16.00,31.00,2.00,3.370,8.73,-1.12,0.63,-6.96,-4.76
4.5,false,0.007471,0.012274,0.0550,202.59,54.00,16.00,31.00,2.00,4.261,8.73,4.69,0.63,-6.96,-4.76
4.5,false,0.007471,0.012920,0.0550,202.59,57.00,16.00,31.00,2.00,5.715,8.73,10.51,0.63,-6.96,-4.76
4.5,false,0.007471,0.013566,0.0550,202.59,60.00,16.00,31.00,2.00,7.169,8.73,16.32,0.63,-6.96,-4.76
4.5,false,0.007471,0.014212,0.0550,202.59,63.00,16.00,31.00,2.00,8.623,8.73,22.14,0.63,-6.96,-4.76
4.5,false,0.007911,0.010982,0.0550,202.59,49.00,18.00,33.00,2.00,5.983,8.73,-5.00,13.21,-0.96,-4.76
4.5,false,0.007911,0.011628,0.0550,202.59,52.00,18.00,33.00,2.00,4.936,8.73,0.81,13.21,-0.96,-4.76
4.5,false,0.007911,0.012274,0.0550,202.59,55.00,18.00,33.00,2.00,6.390,8.73,6.63,13.21,-0.96,-4.76
4.5,false,0.007911,0.012920,0.0550,202.59,58.00,18.00,33.00,2.00,7.844,8.73,12.45,13.21,-0.96,-4.76
4.5,false,0.007911,0.013566,0.0550,202.59,61.00,18.00,33.00,2.00,9.298,8.73,18.26,13.21,-0.96,-4.76
4.5,false,0.007911,0.014212,0.0550,202.59,64.00,18.00,33.00,2.00,10.752,8.73,24.08,13.21,-0.96,-4.76
4.5,false,0.008350,0.010982,0.0550,202.59,49.00,18.00,35.00,2.00,7.003,8.73,-5.00,13.21,5.04,-4.76
4.5,false,0.008350,0.011628,0.0550,202.59,52.00,18.00,35.00,2.00,5.956,8.73,0.81,13.21,5.04,-4.76
4.5,false,0.008350,0.012274,0.0550,202.59,55.00,18.00,35.00,2.00,7.410,8.73,6.63,13.21,5.04,-4.76
4.5,false,0.008350,0.012920,0.0550,202.59,58.00,18.00,35.00,2.00,8.865,8.73,12.45,13.21,5.04,-4.76
4.5,false,0.008350,0.013566,0.0550,202.59,62.00,18.00,35.00,2.00,10.803,8.73,20.20,13.21,5.04,-4.76
4.5,false,0.008350,0.014212,0.0550,202.59,64.00,18.00,35.00,2.00,11.773,8.73,24.08,13.21,5.04,-4.76
4.5,false,0.008790,0.010982,0.0550,202.59,48.00,19.00,37.00,2.00,10.561,8.73,-6.94,19.50,11.04,-4.76
4.5,false,0.008790,0.011628,0.0550,202.59,51.00,19.00,37.00,2.00,9.107,8.73,-1.12,19.50,11.04,-4.76
4.5,false,0.008790,0.012274,0.0550,202.59,54.00,19.00,37.00,2.00,9.999,8.73,4.69,19.50,11.04,-4.76
4.5,false,0.008790,0.012920,0.0550,202.59,57.00,19.00,37.00,2.00,11.453,8.73,10.51,19.50,11.04,-4.76
4.5,false,0.008790,0.013566,0.0550,202.59,61.00,19.00,37.00,2.00,13.392,8.73,18.26,19.50,11.04,-4.76
4.5,false,0.008790,0.014212,0.0550,202.59,64.00,19.00,37.00,2.00,14.846,8.73,24.08,19.50,11.04,-4.76
4.5,false,0.009229,0.010982,0.0550,202.59,47.00,20.00,39.00,2.00,14.119,8.73,-8.88,25.79,17.05,-4.76
4.5,false,0.009229,0.011628,0.0550,202.59,51.00,20.00,39.00,2.00,12.180,8.73,-1.12,25.79,17.05,-4.76
4.5,false,0.009229,0.012274,0.0550,202.59,54.00,20.00,39.00,2.00,13.072,8.73,4.69,25.79,17.05,-4.76
4.5,false,0.009229,0.012920,0.0550,202.59,57.00,20.00,39.00,2.00,14.526,8.73,10.51,25.79,17.05,-4.76
4.5,false,0.009229,0.013566,0.0550,202.59,60.00,20.00,39.00,2.00,15.980,8.73,16.32,25.79,17.05,-4.76
4.5,false,0.009229,0.014212,0.0550,202.59,63.00,20.00,39.00,2.00,17.434,8.73,22.14,25.79,17.05,-4.76
4.5,false,0.009669,0.010982,0.0550,202.59,48.00,20.00,41.00,2.00,15.134,8.73,-6.94,25.79,23.05,-4.76
4.5,false,0.009669,0.011628,0.0550,202.59,51.00,20.00,41.00,2.00,13.680,8.73,-1.12,25.79,23.05,-4.76
4.5,false,0.009669,0.012274,0.0550,202.59,54.00,20.00,41.00,2.00,14.572,8.73,4.69,25.79,23.05,-4.76
4.5,false,0.009669,0.012920,0.0550,202.59,57.00,20.00,41.00,2.00,16.026,8.73,10.51,25.79,23.05,-4.76
4.5,false,0.009669,0.013566,0.0550,202.59,60.00,20.00,41.00,2.00,17.480,8.73,16.32,25.79,23.05,-4.76
4.5,false,0.009669,0.014212,0.0550,202.59,63.00,20.00,41.00,2.00,18.934,8.73,22.14,25.79,23.05,-4.76
4.5,false,0.007471,0.010982,0.0590,202.59,48.00,16.00,31.00,2.00,4.824,8.73,-6.94,0.63,-6.96,-4.76
4.5,false,0.007471,0.011628,0.0590,202.59,51.00,16.00,31.00,2.00,3.370,8.73,-1.12,0.63,-6.96,-4.76
4.5,false,0.007471,0.012274,0.0590,202.59,54.00,16.00,31.00,2.00,4.261,8.73,4.69,0.63,-6.96,-4.76
4.5,false,0.007471,0.012920,0.0590,202.59,57.00,16.00,31.00,2.00,5.715,8.73,10.51,0.63,-6.96,-4.76
4.5,false,0.007471,0.013566,0.0590,202.59,60.00,16.00,31.00,2.00,7.169,8.73,16.32,0.63,-6.96,-4.76
4.5,false,0.007471,0.014212,0.0590,202.59,63.00,16.00,31.00,2.00,8.623,8.73,22.14,0.63,-6.96,-4.76
4.5,false,0.007911,0.010982,0.0590,202.59,49.00,18.00,33.00,2.00,5.983,8.73,-5.00,13.21,-0.96,-4.76
4.5,false,0.007911,0.011628,0.0590,202.59,52.00,18.00,33.00,2.00,4.936,8.73,0.81,13.21,-0.96,-4.76
4.5,false,0.007911,0.012274,0.0590,202.59,55.00,18.00,33.00,2.00,6.390,8.73,6.63,13.21,-0.96,-4.76
4.5,false,0.007911,0.012920,0.0590,202.59,58.00,18.00,33.00,2.00,7.844,8.73,12.45,13.21,-0.96,-4.76
4.5,false,0.007911,0.013566,0.0590,202.59,61.00,18.00,33.00,2.00,9.298,8.73,18.26,13.21,-0.96,-4.76
4.5,false,0.007911,0.014212,0.0590,202.59,64.00,18.00,33.00,2.00,10.752,8.73,24.08,13.21,-0.96,-4.76
4.5,false,0.008350,0.010982,0.0590,202.59,49.00,18.00,35.00,2.00,7.003,8.73,-5.00,13.21,5.04,-4.76
4.5,false,0.008350,0.011628,0.0590,202.59,52.00,18.00,35.00,2.00,5.956,8.73,0.81,13.21,5.04,-4.76
4.5,false,0.008350,0.012274,0.0590,202.59,55.00,18.00,35.00,2.00,7.410,8.73,6.63,13.21,5.04,-4.76
4.5,false,0.008350,0.012920,0.0590,202.59,58.00,18.00,35.00,2.00,8.865,8.73,12.45,13.21,5.04,-4.76
4.5,false,0.008350,0.013566,0.0590,202.59,62.00,18.00,35.00,2.00,10.803,8.73,20.20,13.21,5.04,-4.76
4.5,false,0.008350,0.014212,0.0590,202.59,64.00,18.00,35.00,2.00,11.773,8.73,24.08,13.21,5.04,-4.76
4.5,false,0.008790,0.010982,0.0590,202.59,48.00,19.00,37.00,2.00,10.561,8.73,-6.94,19.50,11.04,-4.76
4.5,false,0.008790,0.011628,0.0590,202.59,51.00,19.00,37.00,2.00,9.107,8.73,-1.12,19.50,11.04,-4.76
4.5,false,0.008790,0.012274,0.0590,202.59,54.00,19.00,37.00,2.00,9.999,8.73,4.69,19.50,11.04,-4.76
4.5,false,0.008790,0.012920,0.0590,202.59,57.00,19.00,37.00,2.00,11.453,8.73,10.51,19.50,11.04,-4.76
4.5,false,0.008790,0.013566,0.0590,202.59,61.00,19.00,37.00,2.00,13.392,8.73,18.26,19.50,11.04,-4.76
4.5,false,0.008790,0.014212,0.0590,202.59,64.00,19.00,37.00,2.00,14.846,8.73,24.08,19.50,11.04,-4.76
4.5,false,0.009229,0.010982,0.0590,202.59,47.00,20.00,39.00,3.00,23.642,8.73,-8.88,25.79,17.05,42.86
4.5,false,0.009229,0.011628,0.0590,202.59,51.00,20.00,39.00,3.00,21.704,8.73,-1.12,25.79,17.05,42.86
4.5,false,0.009229,0.012274,0.0590,202.59,54.00,20.00,39.00,3.00,22.595,8.73,4.69,25.79,17.05,42.86
4.5,false,0.009229,0.012920,0.0590,202.59,57.00,20.00,39.00,3.00,24.050,8.73,10.51,25.79,17.05,42.86
4.5,false,0.009229,0.013566,0.0590,202.59,60.00,20.00,39.00,3.00,25.504,8.73,16.32,25.79,17.05,42.86
4.5,false,0.009229,0.014212,0.0590,202.59,63.00,20.00,39.00,3.00,26.958,8.73,22.14,25.79,17.05,42.86
4.5,false,0.009669,0.010982,0.0590,202.59,48.00,21.00,41.00,3.00,26.231,8.73,-6.94,32.08,23.05,42.86
4.5,false,0.009669,0.011628,0.0590,202.59,51.00,21.00,41.00,3.00,24.777,8.73,-1.12,32.08,23.05,42.86
4.5,false,0.009669,0.012274,0.0590,202.59,54.00,21.00,41.00,3.00,25.668,8.73,4.69,32.08,23.05,42.86
4.5,false,0.009669,0.012920,0.0590,202.59,57.00,21.00,41.00,3.00,27.122,8.73,10.51,32.08,23.05,42.86
4.5,false,0.009669,0.013566,0.0590,202.59,60.00,21.00,41.00,3.00,28.576,8.73,16.32,32.08,23.05,42.86
4.5,false,0.009669,0.014212,0.0590,202.59,63.00,21.00,41.00,3.00,30.031,8.73,22.14,32.08,23.05,42.86
4.5,false,0.007471,0.010982,0.0620,202.59,48.00,16.00,31.00,2.00,4.824,8.73,-6.94,0.63,-6.96,-4.76
4.5,false,0.007471,0.011628,0.0620,202.59,51.00,16.00,31.00,2.00,3.370,8.73,-1.12,0.63,-6.96,-4.76
4.5,false,0.007471,0.012274,0.0620,202.59,54.00,16.00,31.00,2.00,4.261,8.73,4.69,0.63,-6.96,-4.76
4.5,false,0.007471,0.012920,0.0620,202.59,57.00,16.00,31.00,2.00,5.715,8.73,10.51,0.63,-6.96,-4.76
4.5,false,0.007471,0.013566,0.0620,202.59,60.00,16.00,31.00,2.00,7.169,8.73,16.32,0.63,-6.96,-4.76
4.5,false,0.007471,0.014212,0.0620,202.59,63.00,16.00,31.00,2.00,8.623,8.73,22.14,0.63,-6.96,-4.76
4.5,false,0.007911,0.010982,0.0620,202.59,49.00,18.00,33.00,2.00,5.983,8.73,-5.00,13.21,-0.96,-4.76
4.5,false,0.007911,0.011628,0.0620,202.59,52.00,18.00,33.00,2.00,4.936,8.73,0.81,13.21,-0.96,-4.76
4.5,false,0.007911,0.012274,0.0620,202.59,55.00,18.00,33.00,2.00,6.390,8.73,6.63,13.21,-0.96,-4.76
4.5,false,0.007911,0.012920,0.0620,202.59,58.00,18.00,33.00,2.00,7.844,8.73,12.45,13.21,-0.96,-4.76
4.5,false,0.007911,0.013566,0.0620,202.59,61.00,18.00,33.00,2.00,9.298,8.73,18.26,13.21,-0.96,-4.76
4.5,false,0.007911,0.014212,0.0620,202.59,64.00,18.00,33.00,2.00,10.752,8.73,24.08,13.21,-0.96,-4.76
4.5,false,0.008350,0.010982,0.0620,202.59,49.00,18.00,34.00,2.00,6.253,8.73,-5.00,13.21,2.04,-4.76
4.5,false,0.008350,0.011628,0.0620,202.59,52.00,18.00,34.00,2.00,5.206,8.73,0.81,13.21,2.04,-4.76
4.5,false,0.008350,0.012274,0.0620,202.59,55.00,18.00,34.00,2.00,6.660,8.73,6.63,13.21,2.04,-4.76
4.5,false,0.008350,0.012920,0.0620,202.59,58.00,18.00,34.00,2.00,8.114,8.73,12.45,13.21,2.04,-4.76
4.5,false,0.008350,0.013566,0.0620,202.59,62.00,18.00,34.00,2.00,10.053,8.73,20.20,13.21,2.04,-4.76
4.5,false,0.008350,0.014212,0.0620,202.59,64.00,18.00,34.00,2.00,11.022,8.73,24.08,13.21,2.04,-4.76
4.5,false,0.008790,0.010982,0.0620,202.59,48.00,19.00,37.00,2.00,10.561,8.73,-6.94,19.50,11.04,-4.76
4.5,false,0.008790,0.011628,0.0620,202.59,51.00,19.00,37.00,2.00,9.107,8.73,-1.12,19.50,11.04,-4.76
4.5,false,0.008790,0.012274,0.0620,202.59,54.00,19.00,37.00,2.00,9.999,8.73,4.69,19.50,11.04,-4.76
4.5,false,0.008790,0.012920,0.0620,202.59,57.00,19.00,37.00,2.00,11.453,8.73,10.51,19.50,11.04,-4.76
4.5,false,0.008790,0.013566,0.0620,202.59,61.00,19.00,37.00,2.00,13.392,8.73,18.26,19.50,11.04,-4.76
4.5,false,0.008790,0.014212,0.0620,202.59,64.00,19.00,37.00,2.00,14.846,8.73,24.08,19.50,11.04,-4.76
4.5,false,0.009229,0.010982,0.0620,202.59,47.00,20.00,39.00,3.00,23.642,8.73,-8.88,25.79,17.05,42.86
4.5,false,0.009229,0.011628,0.0620,202.59,51.00,20.00,39.00,3.00,21.704,8.73,-1.12,25.79,17.05,42.86
4.5,false,0.009229,0.012274,0.0620,202.59,54.00,20.00,39.00,3.00,22.595,8.73,4.69,25.79,17.05,42.86
4.5,false,0.009229,0.012920,0.0620,202.59,57.00,20.00,39.00,3.00,24.050,8.73,10.51,25.79,17.05,42.86
4.5,false,0.009229,0.013566,0.0620,202.59,60.00,20.00,39.00,3.00,25.504,8.73,16.32,25.79,17.05,42.86
4.5,false,0.009229,0.014212,0.0620,202.59,63.00,20.00,39.00,3.00,26.958,8.73,22.14,25.79,17.05,42.86
4.5,false,0.009669,0.010982,0.0620,202.59,48.00,21.00,41.00,3.00,26.231,8.73,-6.94,32.08,23.05,42.86
4.5,false,0.009669,0.011628,0.0620,202.59,51.00,21.00,41.00,3.00,24.777,8.73,-1.12,32.08,23.05,42.86
4.5,false,0.009669,0.012274,0.0620,202.59,54.00,21.00,41.00,3.00,25.668,8.73,4.69,32.08,23.05,42.86
4.5,false,0.009669,0.012920,0.0620,202.59,57.00,21.00,41.00,3.00,27.122,8.73,10.51,32.08,23.05,42.86
4.5,false,0.009669,0.013566,0.0620,202.59,60.00,21.00,41.00,3.00,28.576,8.73,16.32,32.08,23.05,42.86
4.5,false,0.009669,0.014212,0.0620,202.59,63.00,21.00,41.00,3.00,30.031,8.73,22.14,32.08,23.05,42.86
4.5,false,0.007471,0.010982,0.0650,202.59,48.00,16.00,31.00,2.00,4.824,8.73,-6.94,0.63,-6.96,-4.76
4.5,false,0.007471,0.011628,0.0650,202.59,51.00,16.00,31.00,2.00,3.370,8.73,-1.12,0.63,-6.96,-4.76
4.5,false,0.007471,0.012274,0.0650,202.59,54.00,16.00,31.00,2.00,4.261,8.73,4.69,0.63,-6.96,-4.76
4.5,false,0.007471,0.012920,0.0650,202.59,57.00,16.00,31.00,2.00,5.715,8.73,10.51,0.63,-6.96,-4.76
4.5,false,0.007471,0.013566,0.0650,202.59,60.00,16.00,31.00,2.00,7.169,8.73,16.32,0.63,-6.96,-4.76
4.5,false,0.007471,0.014212,0.0650,202.59,63.00,16.00,31.00,2.00,8.623,8.73,22.14,0.63,-6.96,-4.76
4.5,false,0.007911,0.010982,0.0650,202.59,49.00,18.00,33.00,2.00,5.983,8.73,-5.00,13.21,-0.96,-4.76
4.5,false,0.007911,0.011628,0.0650,202.59,52.00,18.00,33.00,2.00,4.936,8.73,0.81,13.21,-0.96,-4.76
4.5,false,0.007911,0.012274,0.0650,202.59,55.00,18.00,33.00,2.00,6.390,8.73,6.63,13.21,-0.96,-4.76
4.5,false,0.007911,0.012920,0.0650,202.59,58.00,18.00,33.00,2.00,7.844,8.73,12.45,13.21,-0.96,-4.76
4.5,false,0.007911,0.013566,0.0650,202.59,61.00,18.00,33.00,2.00,9.298,8.73,18.26,13.21,-0.96,-4.76
4.5,false,0.007911,0.014212,0.0650,202.59,64.00,18.00,33.00,2.00,10.752,8.73,24.08,13.21,-0.96,-4.76
4.5,false,0.008350,0.010982,0.0650,202.59,49.00,18.00,34.00,2.00,6.253,8.73,-5.00,13.21,2.04,-4.76
4.5,false,0.008350,0.011628,0.0650,202.59,52.00,18.00,34.00,2.00,5.206,8.73,0.81,13.21,2.04,-4.76
4.5,false,0.008350,0.012274,0.0650,202.59,55.00,18.00,34.00,2.00,6.660,8.73,6.63,13.21,2.04,-4.76
4.5,false,0.008350,0.012920,0.0650,202.59,58.00,18.00,34.00,2.00,8.114,8.73,12.45,13.21,2.04,-4.76
4.5,false,0.008350,0.013566,0.0650,202.59,62.00,18.00,34.00,2.00,10.053,8.73,20.20,13.21,2.04,-4.76
4.5,false,0.008350,0.014212,0.0650,202.59,64.00,18.00,34.00,2.00,11.022,8.73,24.08,13.21,2.04,-4.76
4.5,false,0.008790,0.010982,0.0650,202.59,48.00,19.00,37.00,2.00,10.561,8.73,-6.94,19.50,11.04,-4.76
4.5,false,0.008790,0.011628,0.0650,202.59,51.00,19.00,37.00,2.00,9.107,8.73,-1.12,19.50,11.04,-4.76
4.5,false,0.008790,0.012274,0.0650,202.59,54.00,19.00,37.00,2.00,9.999,8.73,4.69,19.50,11.04,-4.76
4.5,false,0.008790,0.012920,0.0650,202.59,57.00,19.00,37.00,2.00,11.453,8.73,10.51,19.50,11.04,-4.76
4.5,false,0.008790,0.013566,0.0650,202.59,61.00,19.00,37.00,2.00,13.392,8.73,18.26,19.50,11.04,-4.76
4.5,false,0.008790,0.014212,0.0650,202.59,64.00,19.00,37.00,2.00,14.846,8.73,24.08,19.50,11.04,-4.76
4.5,false,0.009229,0.010982,0.0650,202.59,47.00,20.00,39.00,3.00,23.642,8.73,-8.88,25.79,17.05,42.86
4.5,false,0.009229,0.011628,0.0650,202.59,51.00,20.00,39.00,3.00,21.704,8.73,-1.12,25.79,17.05,42.86
4.5,false,0.009229,0.012274,0.0650,202.59,54.00,20.00,39.00,3.00,22.595,8.73,4.69,25.79,17.05,42.86
4.5,false,0.009229,0.012920,0.0650,202.59,57.00,20.00,39.00,3.00,24.050,8.73,10.51,25.79,17.05,42.86
4.5,false,0.009229,0.013566,0.0650,202.59,60.00,20.00,39.00,3.00,25.504,8.73,16.32,25.79,17.05,42.86
4.5,false,0.009229,0.014212,0.0650,202.59,63.00,20.00,39.00,3.00,26.958,8.73,22.14,25.79,17.05,42.86
4.5,false,0.009669,0.010982,0.0650,202.59,48.00,21.00,41.00,3.00,26.231,8.73,-6.94,32.08,23.05,42.86
4.5,false,0.009669,0.011628,0.0650,202.59,51.00,21.00,41.00,3.00,24.777,8.73,-1.12,32.08,23.05,42.86
4.5,false,0.009669,0.012274,0.0650,202.59,54.00,21.00,41.00,3.00,25.668,8.73,4.69,32.08,23.05,42.86
4.5,false,0.009669,0.012920,0.0650,202.59,57.00,21.00,41.00,3.00,27.122,8.73,10.51,32.08,23.05,42.86
4.5,false,0.009669,0.013566,0.0650,202.59,60.00,21.00,41.00,3.00,28.576,8.73,16.32,32.08,23.05,42.86
4.5,false,0.009669,0.014212,0.0650,202.59,63.00,21.00,41.00,3.00,30.031,8.73,22.14,32.08,23.05,42.86
4.5,false,0.007471,0.010982,0.0700,202.59,48.00,16.00,31.00,2.00,4.824,8.73,-6.94,0.63,-6.96,-4.76
4.5,false,0.007471,0.011628,0.0700,202.59,51.00,16.00,31.00,2.00,3.370,8.73,-1.12,0.63,-6.96,-4.76
4.5,false,0.007471,0.012274,0.0700,202.59,54.00,16.00,31.00,2.00,4.261,8.73,4.69,0.63,-6.96,-4.76
4.5,false,0.007471,0.012920,0.0700,202.59,57.00,16.00,31.00,2.00,5.715,8.73,10.51,0.63,-6.96,-4.76
4.5,false,0.007471,0.013566,0.0700,202.59,60.00,16.00,31.00,2.00,7.169,8.73,16.32,0.63,-6.96,-4.76
4.5,false,0.007471,0.014212,0.0700,202.59,63.00,16.00,31.00,2.00,8.623,8.73,22.14,0.63,-6.96,-4.76
4.5,false,0.007911,0.010982,0.0700,202.59,49.00,18.00,33.00,2.00,5.983,8.73,-5.00,13.21,-0.96,-4.76
4.5,false,0.007911,0.011628,0.0700,202.59,52.00,18.00,33.00,2.00,4.936,8.73,0.81,13.21,-0.96,-4.76
4.5,false,0.007911,0.012274,0.0700,202.59,55.00,18.00,33.00,2.00,6.390,8.73,6.63,13.21,-0.96,-4.76
4.5,false,0.007911,0.012920,0.0700,202.59,58.00,18.00,33.00,2.00,7.844,8.73,12.45,13.21,-0.96,-4.76
4.5,false,0.007911,0.013566,0.0700,202.59,61.00,18.00,33.00,2.00,9.298,8.73,18.26,13.21,-0.96,-4.76
4.5,false,0.007911,0.014212,0.0700,202.59,64.00,18.00,33.00,2.00,10.752,8.73,24.08,13.21,-0.96,-4.76
4.5,false,0.008350,0.010982,0.0700,202.59,49.00,18.00,34.00,2.00,6.253,8.73,-5.00,13.21,2.04,-4.76
4.5,false,0.008350,0.011628,0.0700,202.59,52.00,18.00,34.00,2.00,5.206,8.73,0.81,13.21,2.04,-4.76
4.5,false,0.008350,0.012274,0.0700,202.59,55.00,18.00,34.00,2.00,6.660,8.73,6.63,13.21,2.04,-4.76
4.5,false,0.008350,0.012920,0.0700,202.59,58.00,18.00,34.00,2.00,8.114,8.73,12.45,13.21,2.04,-4.76
4.5,false,0.008350,0.013566,0.0700,202.59,62.00,18.00,34.00,2.00,10.053,8.73,20.20,13.21,2.04,-4.76
4.5,false,0.008350,0.014212,0.0700,202.59,64.00,18.00,34.00,2.00,11.022,8.73,24.08,13.21,2.04,-4.76
4.5,false,0.008790,0.010982,0.0700,202.59,48.00,19.00,37.00,2.00,10.561,8.73,-6.94,19.50,11.04,-4.76
4.5,false,0.008790,0.011628,0.0700,202.59,51.00,19.00,37.00,2.00,9.107,8.73,-1.12,19.50,11.04,-4.76
4.5,false,0.008790,0.012274,0.0700,202.59,54.00,19.00,37.00,2.00,9.999,8.73,4.69,19.50,11.04,-4.76
4.5,false,0.008790,0.012920,0.0700,202.59,57.00,19.00,37.00,2.00,11.453,8.73,10.51,19.50,11.04,-4.76
4.5,false,0.008790,0.013566,0.0700,202.59,61.00,19.00,37.00,2.00,13.392,8.73,18.26,19.50,11.04,-4.76
4.5,false,0.008790,0.014212,0.0700,202.59,64.00,19.00,37.00,2.00,14.846,8.73,24.08,19.50,11.04,-4.76
4.5,false,0.009229,0.010982,0.0700,202.59,47.00,20.00,39.00,3.00,23.642,8.73,-8.88,25.79,17.05,42.86
4.5,false,0.009229,0.011628,0.0700,202.59,51.00,20.00,39.00,3.00,21.704,8.73,-1.12,25.79,17.05,42.86
4.5,false,0.009229,0.012274,0.0700,202.59,54.00,20.00,39.00,3.00,22.595,8.73,4.69,25.79,17.05,42.86
4.5,false,0.009229,0.012920,0.0700,202.59,57.00,20.00,39.00,3.00,24.050,8.73,10.51,25.79,17.05,42.86
4.5,false,0.009229,0.013566,0.0700,202.59,60.00,20.00,39.00,3.00,25.504,8.73,16.32,25.79,17.05,42.86
4.5,false,0.009229,0.014212,0.0700,202.59,63.00,20.00,39.00,3.00,26.958,8.73,22.14,25.79,17.05,42.86
4.5,false,0.009669,0.010982,0.0700,202.59,48.00,21.00,41.00,3.00,26.231,8.73,-6.94,32.08,23.05,42.86
4.5,false,0.009669,0.011628,0.0700,202.59,51.00,21.00,41.00,3.00,24.777,8.73,-1.12,32.08,23.05,42.86
4.5,false,0.009669,0.012274,0.0700,202.59,54.00,21.00,41.00,3.00,25.668,8.73,4.69,32.08,23.05,42.86
4.5,false,0.009669,0.012920,0.0700,202.59,57.00,21.00,41.00,3.00,27.122,8.73,10.51,32.08,23.05,42.86
4.5,false,0.009669,0.013566,0.0700,202.59,60.00,21.00,41.00,3.00,28.576,8.73,16.32,32.08,23.05,42.86
4.5,false,0.009669,0.014212,0.0700,202.59,63.00,21.00,41.00,3.00,30.031,8.73,22.14,32.08,23.05,42.86
4.5,true,0.007835,0.011499,0.0500,202.59,51.00,18.00,33.00,2.00,5.014,8.73,-1.12,13.21,-0.96,-4.76
4.5,true,0.007835,0.011499,0.0550,202.59,51.00,18.00,33.00,2.00,5.014,8.73,-1.12,13.21,-0.96,-4.76
4.5,true,0.007835,0.011499,0.0590,202.59,51.00,18.00,33.00,2.00,5.014,8.73,-1.12,13.21,-0.96,-4.76
4.5,true,0.007835,0.011499,0.0620,202.59,51.00,18.00,33.00,2.00,5.014,8.73,-1.12,13.21,-0.96,-4.76
4.5,true,0.007835,0.011499,0.0650,202.59,51.00,18.00,33.00,2.00,5.014,8.73,-1.12,13.21,-0.96,-4.76
4.5,true,0.007835,0.011499,0.0700,202.59,51.00,18.00,33.00,2.00,5.014,8.73,-1.12,13.21,-0.96,-4.76
